pooling,split,balanced_families,trait,metric,mean,std,ci95,lo,hi,n
attention,family,False,MACRO (mean over traits),score,0.6209185294146458,0.2671842209420738,0.12462641800101944,0.49629211141362634,0.7455449474156652,20
attention,family,True,MACRO (mean over traits),score,0.6194413186279031,0.26284753647803066,0.12260359850648223,0.49683772012142086,0.7420449171343853,20
attention,genus,False,MACRO (mean over traits),score,0.6385356075886348,0.2620039374678554,0.122210106995282,0.5163255005933528,0.7607457145839168,20
attention,species,False,MACRO (mean over traits),score,0.6479294388074212,0.2557892512901426,0.11931130528237432,0.5286181335250468,0.7672407440897955,20
mean,family,False,MACRO (mean over traits),score,0.6082732132449165,0.25946961317602585,0.12102798719258541,0.48724522605233106,0.7293012004375019,20
mean,family,True,MACRO (mean over traits),score,0.5963125243137528,0.26480013382758116,0.12351437539523241,0.4727981489185204,0.7198268997089852,20
mean,genus,False,MACRO (mean over traits),score,0.6294199620554239,0.26030278902936355,0.12141661688710967,0.5080033451683142,0.7508365789425336,20
mean,species,False,MACRO (mean over traits),score,0.6407678877869418,0.2526249943296591,0.11783535730449823,0.5229325304824436,0.7586032450914401,20
set_transformer,family,False,MACRO (mean over traits),score,0.5979476907027749,0.2613120739032513,0.12188739153889014,0.4760602991638847,0.719835082241665,20
set_transformer,family,True,MACRO (mean over traits),score,0.6105389545858615,0.25610548346685974,0.11945880981427355,0.49108014477158796,0.7299977644001351,20
set_transformer,genus,False,MACRO (mean over traits),score,0.6301091432225772,0.26480255177411516,0.12351550323135382,0.5065936399912233,0.753624646453931,20
set_transformer,species,False,MACRO (mean over traits),score,0.6416144229698161,0.2559672718507583,0.11939434186560456,0.5222200811042115,0.7610087648354207,20
attention,family,False,amr_phenotype,f1,0.37730622166999334,0.007877794256442713,0.019571105268587793,0.35773511640140554,0.39687732693858113,3
attention,family,False,biosafety_level,acc,0.8384180863698324,0.011084662273794923,0.027538050013144785,0.8108800363566876,0.8659561363829772,3
attention,family,False,carbon_utilization,f1,0.5305329202954234,0.0026558920337491996,0.006598134056623708,0.5239347862387997,0.5371310543520471,3
attention,family,False,catalase,acc,0.8696759343147278,0.004726981593462979,0.011743420982679427,0.8579325133320483,0.8814193552974072,3
attention,family,False,cell_shape,acc,0.5264084537823995,0.019604811256475473,0.04870498167142207,0.47770347211097747,0.5751134354538217,3
attention,family,False,country,acc,0.021776114280025165,0.000900221252236891,0.002236454052876449,0.019539660227148717,0.024012568332901614,3
attention,family,False,cultivation_medium,f1,0.34747135817586244,0.004068435215897332,0.010107369054940411,0.337363989120922,0.35757872723080286,3
attention,family,False,cytochrome_oxidase,acc,0.8365432024002075,0.007419753150337595,0.01843317624770834,0.8181100261524992,0.8549763786479159,3
attention,family,False,fatty_acid_profile,rmse,0.09528260966252768,0.0019202417800803639,0.004770530023471741,0.09051207963905593,0.10005313968599942,3
attention,family,False,gram_stain,acc,0.9451152682304382,0.0034275592767503333,0.008515216472522662,0.9366000517579156,0.9536304847029609,3
attention,family,False,halophily,acc,0.4718126555283864,0.007560974569058614,0.018784018014070543,0.4530286375143159,0.49059667354245695,3
attention,family,False,isolation_source,acc,0.399999996026357,0.03968626561085053,0.09859410600268949,0.3014058900236675,0.49859410202904647,3
attention,family,False,metabolite_production,f1,0.12011008940035255,0.001350516925427804,0.003355140798827143,0.11675494860152541,0.12346523019917968,3
attention,family,False,motility,acc,0.7109515269597372,0.005708814365022695,0.014182625651248856,0.6967689013084883,0.725134152610986,3
attention,family,False,oxygen_tolerance,acc,0.655869205792745,0.003473176396995864,0.008628544827302298,0.6472406609654426,0.6644977506200473,3
attention,family,False,pathogenicity_animal,acc,0.886635939280192,0.005990773439432058,0.014883107352987415,0.8717528319272047,0.9015190466331794,3
attention,family,False,pathogenicity_human,acc,0.8743042548497518,0.0021255061944076238,0.005280476250793989,0.8690237785989579,0.8795847311005458,3
attention,family,False,ph_class,acc,0.5848739743232727,0.010495794329693296,0.026075102879956524,0.5587988714433162,0.6109490772032292,3
attention,family,False,pigmentation,acc,0.7321899731953939,0.0022850415244376862,0.005676815966765086,0.7265131572286289,0.737866789162159,3
attention,family,False,sporulation,acc,0.8990523417790731,0.0037763227255942573,0.009381662834152114,0.889670678944921,0.9084340046132252,3
attention,family,False,temperature_class,acc,0.789323071638743,0.010517875020764544,0.026129958784451,0.763193112854292,0.8154530304231941,3
attention,family,True,amr_phenotype,f1,0.3791905306474293,0.005926296990453005,0.014722926047251767,0.3644676046001775,0.3939134566946811,3
attention,family,True,biosafety_level,acc,0.8391243020693461,0.003937112938508352,0.009781120103618982,0.8293431819657271,0.848905422172965,3
attention,family,True,carbon_utilization,f1,0.5044063812128335,0.003959312056726167,0.009836270221198578,0.49457011099163495,0.5142426514340321,3
attention,family,True,catalase,acc,0.8555555740992228,0.002503855419787163,0.006220423687493773,0.849335150411729,0.8617759977867165,3
attention,family,True,cell_shape,acc,0.5502738555272421,0.015881238883419902,0.03945436855358432,0.5108194869736578,0.5897282240808264,3
attention,family,True,country,acc,0.04548032209277153,0.01366242685044664,0.033942089042982106,0.011538233049789424,0.07942241113575363,3
attention,family,True,cultivation_medium,f1,0.33177977804316067,0.00726238756390881,0.018042226908668156,0.31373755113449253,0.3498220049518288,3
attention,family,True,cytochrome_oxidase,acc,0.8209876418113708,0.01188267096406665,0.0295205734929606,0.7914670683184103,0.8505082153043314,3
attention,family,True,fatty_acid_profile,rmse,0.11342862057244796,0.007878155134742791,0.019572001812337234,0.09385661876011073,0.1330006223847852,3
attention,family,True,gram_stain,acc,0.9352359970410665,0.007177097536271396,0.01783033763421961,0.9174056594068469,0.9530663346752861,3
attention,family,True,halophily,acc,0.550737202167511,0.007708737888453822,0.019151112074232684,0.5315860900932783,0.5698883142417437,3
attention,family,True,isolation_source,acc,0.41166667143503827,0.04064583444652449,0.10097799952467029,0.310688671910368,0.5126446709597086,3
attention,family,True,metabolite_production,f1,0.11055047930449165,0.0031987914775390785,0.007946879888108186,0.10260359941638346,0.11849735919259984,3
attention,family,True,motility,acc,0.6205864747365316,0.04036282727525211,0.10027491399584892,0.5203115607406827,0.7208613887323805,3
attention,family,True,oxygen_tolerance,acc,0.6635816693305969,0.017059067710721455,0.0423804937121138,0.6212011756184831,0.7059621630427108,3
attention,family,True,pathogenicity_animal,acc,0.8998463948567709,0.011384775313869265,0.028283632305417434,0.8715627625513535,0.9281300271621883,3
attention,family,True,pathogenicity_human,acc,0.8722943862279257,0.004309643041131485,0.010706610871316103,0.8615877753566096,0.8830009970992417,3
attention,family,True,ph_class,acc,0.5644257863362631,0.00798686300266629,0.019842068922164904,0.5445837174140982,0.584267855258428,3
attention,family,True,pigmentation,acc,0.7145998279253641,0.029744396996677514,0.07389514194237265,0.6407046859829915,0.7884949698677368,3
attention,family,True,sporulation,acc,0.8903996745745341,0.0037763487391939193,0.00938172746073169,0.8810179471138023,0.8997814020352658,3
attention,family,True,temperature_class,acc,0.8281034231185913,0.013515254263216057,0.033576462561307426,0.7945269605572839,0.8616798856798987,3
attention,genus,False,amr_phenotype,f1,0.40624368372566044,0.005445418927267258,0.013528262301335074,0.39271542142432536,0.4197719460269955,3
attention,genus,False,biosafety_level,acc,0.8619566559791565,0.0011480777041514244,0.0028522133065470865,0.8591044426726094,0.8648088692857036,3
attention,genus,False,carbon_utilization,f1,0.5720295713203888,0.003992467979178984,0.009918640746180304,0.5621109305742085,0.5819482120665691,3
attention,genus,False,catalase,acc,0.8980866074562073,0.002724603575058359,0.006768836764050814,0.8913177706921565,0.9048554442202581,3
attention,genus,False,cell_shape,acc,0.6083950599034628,0.011031270035265783,0.02740540563493895,0.5809896542685238,0.6358004655384017,3
attention,genus,False,country,acc,0.03432588962217172,0.004401116222953515,0.010933861191953448,0.023392028430218273,0.04525975081412517,3
attention,genus,False,cultivation_medium,f1,0.40578875586033103,0.003946385255154585,0.00980415567414289,0.39598460018618814,0.4155929115344739,3
attention,genus,False,cytochrome_oxidase,acc,0.8263358871142069,0.010237554532575983,0.025433547885068415,0.8009023392291384,0.8517694349992754,3
attention,genus,False,fatty_acid_profile,rmse,0.08754428666471022,0.0010270119987826885,0.002551445148981966,0.08499284151572825,0.09009573181369218,3
attention,genus,False,gram_stain,acc,0.9335517088572184,0.002144411577991787,0.005327443617575127,0.9282242652396433,0.9388791524747935,3
attention,genus,False,halophily,acc,0.5176271994908651,0.006468876748512909,0.016070877671262612,0.5015563218196025,0.5336980771621277,3
attention,genus,False,isolation_source,acc,0.3956194420655568,0.005927614721241452,0.014726199736197789,0.38089324232935906,0.4103456418017546,3
attention,genus,False,metabolite_production,f1,0.1220408220188592,0.0026743420531153447,0.0066439701446793205,0.11539685187417988,0.1286847921635385,3
attention,genus,False,motility,acc,0.7359769543011984,0.004077671231681384,0.010130314441845407,0.7258466398593529,0.7461072687430438,3
attention,genus,False,oxygen_tolerance,acc,0.6364538868268331,0.0002456726772633039,0.0006103340188662212,0.6358435528079669,0.6370642208456994,3
attention,genus,False,pathogenicity_animal,acc,0.8813977638880411,0.004056233384443936,0.010077055578849223,0.871320708309192,0.8914748194668903,3
attention,genus,False,pathogenicity_human,acc,0.8624169826507568,0.0004600297450141261,0.0011428694725036622,0.8612741131782532,0.8635598521232605,3
attention,genus,False,ph_class,acc,0.5945699214935303,0.005740245914417316,0.014260712250356704,0.5803092092431735,0.608830633743887,3
attention,genus,False,pigmentation,acc,0.7218638062477112,0.004476720665828871,0.011121688198107667,0.7107421180496035,0.7329854944458188,3
attention,genus,False,sporulation,acc,0.9203268686930338,0.0027025227048727684,0.006713980414575733,0.9136128882784581,0.9270408491076095,3
attention,genus,False,temperature_class,acc,0.8357046842575073,0.006151117245559245,0.015281455597017116,0.8204232286604902,0.8509861398545244,3
attention,species,False,amr_phenotype,f1,0.4087033851124416,0.012128492164005229,0.030131276492383806,0.3785721086200578,0.43883466160482537,3
attention,species,False,biosafety_level,acc,0.8518737554550171,0.004145536545574231,0.010298914834169236,0.8415748406208479,0.8621726702891863,3
attention,species,False,carbon_utilization,f1,0.5838006949598176,0.0003435874421383892,0.0008535874104043543,0.5829471075494133,0.5846542823702219,3
attention,species,False,catalase,acc,0.9103478988011678,0.0015450984082427625,0.0038385470112164816,0.9065093517899514,0.9141864458123843,3
attention,species,False,cell_shape,acc,0.6139160990715027,0.003620577860265252,0.008994739914465151,0.6049213591570375,0.6229108389859679,3
attention,species,False,country,acc,0.040715557833512626,0.003402597069167386,0.008453201906460258,0.03226235592705237,0.04916875973997288,3
attention,species,False,cultivation_medium,f1,0.4527237409128171,0.002445099849887295,0.006074454980239741,0.44664928593257736,0.4587981958930568,3
attention,species,False,cytochrome_oxidase,acc,0.8308270573616028,0.0016278610905257499,0.004044157505035401,0.8267828998565674,0.8348712148666382,3
attention,species,False,fatty_acid_profile,rmse,0.08656749672853313,0.0003990392666250703,0.000991348496697835,0.08557614823183529,0.08755884522523097,3
attention,species,False,gram_stain,acc,0.9278886715571085,0.0026755338260400063,0.006646930911691703,0.9212417406454169,0.9345356024688002,3
attention,species,False,halophily,acc,0.5527654687563578,0.007974764275339104,0.019812011591593896,0.5329534571647639,0.5725774803479516,3
attention,species,False,isolation_source,acc,0.36593592166900635,0.006745368242263794,0.016757776053464228,0.3491781456155421,0.3826936977224706,3
attention,species,False,metabolite_production,f1,0.16459156607042405,0.003046150175453862,0.007567667269169717,0.15702389880125434,0.17215923333959376,3
attention,species,False,motility,acc,0.7820961276690165,0.0044199054306224075,0.010980539938469392,0.7711155877305471,0.7930766676074859,3
attention,species,False,oxygen_tolerance,acc,0.6826082070668539,0.00912158108921029,0.022661092420241283,0.6599471146466126,0.7052692994870952,3
attention,species,False,pathogenicity_animal,acc,0.8643114765485128,0.004571716804808437,0.011357690735817758,0.8529537858126951,0.8756691672843305,3
attention,species,False,pathogenicity_human,acc,0.8261951208114624,0.0031178009798785637,0.007745672100259079,0.8184494487112033,0.8339407929117215,3
attention,species,False,ph_class,acc,0.5946205655733744,0.010570245094880894,0.026260063760550952,0.5683605018128235,0.6208806293339253,3
attention,species,False,pigmentation,acc,0.7278444766998291,0.0019806262697701998,0.0049205455183982845,0.7229239311814308,0.7327650222182274,3
attention,species,False,sporulation,acc,0.9460747440656027,0.002848691960884739,0.007077114282168412,0.9389976297834343,0.953151858347771,3
attention,species,False,temperature_class,acc,0.8307482401529948,0.006844027603713083,0.017002879274721442,0.8137453608782733,0.8477511194277162,3
mean,family,False,amr_phenotype,f1,0.38363351692351183,0.0018537561521856883,0.004605357237788657,0.3790281596857232,0.3882388741613005,3
mean,family,False,biosafety_level,acc,0.7974576354026794,0.006270622778214133,0.01557834775789764,0.7818792876447818,0.8130359831605771,3
mean,family,False,carbon_utilization,f1,0.5120949274625322,0.003055129469671359,0.007589974872878018,0.5045049525896541,0.5196849023354102,3
mean,family,False,catalase,acc,0.879629651705424,0.002232322375900658,0.005545843771744293,0.8740838079336797,0.8851754954771682,3
mean,family,False,cell_shape,acc,0.5352112650871277,0.007629119432926697,0.018953312903078987,0.5162579521840487,0.5541645779902067,3
mean,family,False,country,acc,0.015424747951328754,0.0017460367791191577,0.00433774588350288,0.011087002067825875,0.019762493834831633,3
mean,family,False,cultivation_medium,f1,0.352991406482792,0.003757529370014532,0.009334973782822801,0.3436564326999692,0.36232638026561476,3
mean,family,False,cytochrome_oxidase,acc,0.8414814869562784,0.003394495109752863,0.008433073899124477,0.8330484130571539,0.849914560855403,3
mean,family,False,fatty_acid_profile,rmse,0.091355173097268,0.0009740097581412478,0.002419769657429707,0.08893540343983829,0.09377494275469771,3
mean,family,False,gram_stain,acc,0.9361507495244344,0.004667915891490881,0.011596681802468728,0.9245540677219657,0.9477474313269032,3
mean,family,False,halophily,acc,0.4694998661677043,0.009027174066450821,0.02242655344646592,0.44707331272123835,0.4919264196141702,3
mean,family,False,isolation_source,acc,0.40833333134651184,0.0269644847280303,0.0669888996775866,0.34134443166892525,0.47532223102409843,3
mean,family,False,metabolite_production,f1,0.1244516505504385,0.0017435922927386883,0.004331672952588154,0.12011997759785034,0.12878332350302665,3
mean,family,False,motility,acc,0.6574905316034952,0.0035065513338139345,0.008711459458039795,0.6487790721454555,0.666201991061535,3
mean,family,False,oxygen_tolerance,acc,0.6115995645523071,0.005968090970950676,0.014826756429880036,0.5967728081224271,0.6264263209821872,3
mean,family,False,pathogenicity_animal,acc,0.8253456155459086,0.014285713434229724,0.035490543717809506,0.7898550718280991,0.860836159263718,3
mean,family,False,pathogenicity_human,acc,0.8016388416290283,0.004959520647341392,0.012321126639156839,0.7893177149898715,0.8139599682681852,3
mean,family,False,ph_class,acc,0.5750700434048971,0.008417371653048754,0.020911598011323612,0.5541584453935735,0.5959816414162207,3
mean,family,False,pigmentation,acc,0.7365875045458475,0.0007616575663074248,0.0018922149936358137,0.7346952895522117,0.7384797195394833,3
mean,family,False,sporulation,acc,0.9241862297058105,0.0025731319081376655,0.0063925299144413665,0.9177936997913692,0.9305787596202519,3
mean,family,False,temperature_class,acc,0.7771856983502706,0.009979144071845832,0.02479156890404616,0.7523941294462244,0.8019772672543168,3
mean,family,True,amr_phenotype,f1,0.3890316762894299,0.0019259043813560537,0.004784597840179437,0.3842470784492505,0.39381627412960934,3
mean,family,True,biosafety_level,acc,0.7895480195681254,0.007464536249684857,0.018544432612503863,0.7710035869556215,0.8080924521806292,3
mean,family,True,carbon_utilization,f1,0.4769968286046488,0.004945135547609988,0.012285389186263576,0.4647114394183852,0.4892822177909124,3
mean,family,True,catalase,acc,0.8465277751286825,0.001388877630340347,0.0034504417637395753,0.843077333364943,0.849978216892422,3
mean,family,True,cell_shape,acc,0.40649451812108356,0.01717322826815816,0.04266410714683725,0.3638304109742463,0.44915862526792083,3
mean,family,True,country,acc,0.03187025152146816,0.00573738925354487,0.014253615338603065,0.017616636182865096,0.04612386686007123,3
mean,family,True,cultivation_medium,f1,0.3175479574182021,0.003954176197885478,0.009823511010848102,0.30772444640735397,0.3273714684290502,3
mean,family,True,cytochrome_oxidase,acc,0.8429629604021708,0.003394495109752863,0.008433073899124477,0.8345298865030463,0.8513960343012953,3
mean,family,True,fatty_acid_profile,rmse,0.11664537715997934,0.007288635783699957,0.018107436363995765,0.09853794079598358,0.1347528135239751,3
mean,family,True,gram_stain,acc,0.9308452208836874,0.004492536511508478,0.011160980107826452,0.919684240775861,0.9420062009915138,3
mean,family,True,halophily,acc,0.5345475474993387,0.009553480364318587,0.023734076291539816,0.510813471207799,0.5582816237908785,3
mean,family,True,isolation_source,acc,0.40666666626930237,0.010408320071173668,0.02585778723727149,0.38080887903203087,0.43252445350657387,3
mean,family,True,metabolite_production,f1,0.1025294814822623,0.003819607378363175,0.009489196550859929,0.09304028493140237,0.11201867803312224,3
mean,family,True,motility,acc,0.6409335931142172,0.005319091878084608,0.013214423186305923,0.6277191699279112,0.6541480163005231,3
mean,family,True,oxygen_tolerance,acc,0.5485115051269531,0.025536569174817187,0.06344147451048066,0.48507003061647247,0.6119529796374338,3
mean,family,True,pathogenicity_animal,acc,0.8554531335830688,0.0020779970727408223,0.00516244752459329,0.8502906860584756,0.8606155811076621,3
mean,family,True,pathogenicity_human,acc,0.8231292565663656,0.0071001468009521725,0.017639165982307515,0.8054900905840581,0.8407684225486731,3
mean,family,True,ph_class,acc,0.5464986165364584,0.0059618502473237035,0.014811252361725966,0.5316873641747324,0.5613098688981843,3
mean,family,True,pigmentation,acc,0.6961301565170288,0.004030436573894405,0.010012967576748154,0.6861171889402806,0.706143124093777,3
mean,family,True,sporulation,acc,0.8953440388043722,0.004679761716321916,0.011626110837705567,0.8837179279666666,0.9069701496420778,3
mean,family,True,temperature_class,acc,0.8446812828381857,0.027558675240497984,0.06846506987073307,0.7762162129674526,0.9131463527089188,3
mean,genus,False,amr_phenotype,f1,0.4117518849535619,0.007344705541371343,0.018246732605310196,0.39350515234825173,0.4299986175588721,3
mean,genus,False,biosafety_level,acc,0.8466742038726807,0.00526118278503418,0.013070557413831414,0.8336036464588492,0.8597447612865121,3
mean,genus,False,carbon_utilization,f1,0.5667138433522926,0.004164386147607585,0.010345743620712382,0.5563680997315802,0.577059586973005,3
mean,genus,False,catalase,acc,0.8988922437032064,0.0006977186624896324,0.0017333691318829852,0.8971588745713235,0.9006256128350894,3
mean,genus,False,cell_shape,acc,0.6075720191001892,0.008414393972257175,0.020904200445160902,0.5866678186550283,0.6284762195453502,3
mean,genus,False,country,acc,0.035359801103671394,0.0006203483790168547,0.0015411551804627853,0.03381864592320861,0.03690095628413418,3
mean,genus,False,cultivation_medium,f1,0.3993071986948575,0.0012387408677495117,0.00307745126796125,0.3962297474268962,0.40238464996281875,3
mean,genus,False,cytochrome_oxidase,acc,0.8337574203809103,0.000367287362996392,0.0009124660293261211,0.8328449543515841,0.8346698864102364,3
mean,genus,False,fatty_acid_profile,rmse,0.08770375277923288,0.001783283203136681,0.00443027859781301,0.08327347418141987,0.0921340313770459,3
mean,genus,False,gram_stain,acc,0.9421307047208151,0.0005403147087422797,0.0013423244754473369,0.9407883802453677,0.9434730291962624,3
mean,genus,False,halophily,acc,0.50939412911733,0.013439564054497748,0.03338842248379259,0.47600570663353736,0.5427825516011225,3
mean,genus,False,isolation_source,acc,0.3750855525334676,0.010335164813369494,0.025676044835168867,0.3494095076982987,0.4007615973686365,3
mean,genus,False,metabolite_production,f1,0.11750770486811156,0.002473154596035468,0.006144152458020448,0.1113635524100911,0.12365185732613201,3
mean,genus,False,motility,acc,0.7097102204958597,0.008820193827819504,0.021912344531266337,0.6877978759645934,0.7316225650271261,3
mean,genus,False,oxygen_tolerance,acc,0.6042553186416626,0.005331898119272139,0.013246238220593105,0.5910090804210695,0.6175015568622557,3
mean,genus,False,pathogenicity_animal,acc,0.8512600859006246,0.006548234354593733,0.016268028804170248,0.8349920570964544,0.8675281147047949,3
mean,genus,False,pathogenicity_human,acc,0.8440903027852377,0.00046006415777183216,0.001142954965432485,0.8429473478198052,0.8452332577506702,3
mean,genus,False,ph_class,acc,0.5843030015627543,0.0037697394168053834,0.009365307668590726,0.5749376938941636,0.593668309231345,3
mean,genus,False,pigmentation,acc,0.7143369118372599,0.004476730210149551,0.011121711909428204,0.7032151999278317,0.7254586237466881,3
mean,genus,False,sporulation,acc,0.9107933441797892,0.002948657144040649,0.007325461606184642,0.9034678825736046,0.9181188057859738,3
mean,genus,False,temperature_class,acc,0.8255033493041992,0.003954594060033549,0.009824549121748367,0.8156788001824509,0.8353278984259476,3
mean,species,False,amr_phenotype,f1,0.42465539538105207,0.005410309876648975,0.013441039545426128,0.41121435583562593,0.4380964349264782,3
mean,species,False,biosafety_level,acc,0.836686392625173,0.003880155590604027,0.009639618787975524,0.8270467738371975,0.8463260114131484,3
mean,species,False,carbon_utilization,f1,0.5751080821098097,0.0016969827758180117,0.004215879148830642,0.5708922029609791,0.5793239612586403,3
mean,species,False,catalase,acc,0.9097531835238138,0.0006813091819555472,0.0016926024324134255,0.9080605810914004,0.9114457859562273,3
mean,species,False,cell_shape,acc,0.6057523290316263,0.003418924310514707,0.008493764295975918,0.5972585647356504,0.6142460933276023,3
mean,species,False,country,acc,0.03480653961499532,0.0016168847717758245,0.0040168886169782295,0.030789650998017094,0.03882342823197355,3
mean,species,False,cultivation_medium,f1,0.4343342184046796,0.0033398638961604997,0.008297351487829917,0.4260368669168497,0.4426315698925095,3
mean,species,False,cytochrome_oxidase,acc,0.8286340832710266,0.0007178192690815894,0.0017833058368498524,0.8268507774341768,0.8304173891078764,3
mean,species,False,fatty_acid_profile,rmse,0.08560867781239843,0.0013101358591583495,0.0032548205730011156,0.08235385723939732,0.08886349838539954,3
mean,species,False,gram_stain,acc,0.9257108171780905,0.002933908819358921,0.0072888217796690715,0.9184219953984214,0.9329996389577595,3
mean,species,False,halophily,acc,0.5311012665430704,0.007852185075743928,0.01950748340249395,0.5115937831405765,0.5506087499455644,3
mean,species,False,isolation_source,acc,0.3738055129845937,0.028832644140876332,0.0716300394861582,0.3021754734984355,0.4454355524707519,3
mean,species,False,metabolite_production,f1,0.16252110657079258,0.0015166161889182065,0.003767787545490653,0.15875331902530193,0.16628889411628323,3
mean,species,False,motility,acc,0.7557973861694336,0.0022438838662212817,0.005574566423892975,0.7502228197455406,0.7613719525933266,3
mean,species,False,oxygen_tolerance,acc,0.6992140014966329,0.00946576273686851,0.023516156038122148,0.6756978454585107,0.7227301575347551,3
mean,species,False,pathogenicity_animal,acc,0.8455336292584738,0.002257981562296993,0.005609589868903189,0.8399240393895706,0.8511432191273769,3
mean,species,False,pathogenicity_human,acc,0.8030499815940857,0.0,0.0,0.8030499815940857,0.8030499815940857,3
mean,species,False,ph_class,acc,0.6021133462587992,0.004248483802292198,0.010554670637475713,0.5915586756213235,0.6126680168962749,3
mean,species,False,pigmentation,acc,0.7158376375834147,0.0004951651706319764,0.0012301577528317771,0.7146074798305829,0.7170677953362464,3
mean,species,False,sporulation,acc,0.9428141713142395,0.0007524490356445312,0.0018693378890674737,0.940944833425172,0.944683509203307,3
mean,species,False,temperature_class,acc,0.8081286748250326,0.0015879108783735322,0.003944907666555039,0.8041837671584775,0.8120735824915877,3
set_transformer,family,False,amr_phenotype,f1,0.37862764555832434,0.002070181324605613,0.018599541547530088,0.36002810401079427,0.3972271871058544,2
set_transformer,family,False,biosafety_level,acc,0.8063559234142303,0.019775006293371904,0.17766851955652235,0.6286874038577079,0.9840244429707528,2
set_transformer,family,False,carbon_utilization,f1,0.5068459432633197,0.003726769197182856,0.033483153237440784,0.4733627900258789,0.5403290965007604,2
set_transformer,family,False,catalase,acc,0.8690972328186035,0.016204536021771517,0.14558963382244108,0.7235075989961625,1.0146868666410447,2
set_transformer,family,False,cell_shape,acc,0.46742957830429077,0.006224541616028407,0.05592438644170761,0.41150519186258316,0.5233539647459984,2
set_transformer,family,False,country,acc,0.017182715237140656,0.002646537595256697,0.023777813747525214,-0.006595098510384558,0.04096052898466587,2
set_transformer,family,False,cultivation_medium,f1,0.3258023783002148,0.01396220516077194,0.12544341497834252,0.20035896332187228,0.4512457932785573,2
set_transformer,family,False,cytochrome_oxidase,acc,0.8381481468677521,0.0005237588864448801,0.004705711066722869,0.8334424358010292,0.842853857934475,2
set_transformer,family,False,fatty_acid_profile,rmse,0.1194423717244397,0.009937082244159887,0.08927970311812473,0.03016266860631496,0.20872207484256444,2
set_transformer,family,False,gram_stain,acc,0.9226125180721283,0.0038809239577316332,0.034868156492710106,0.8877443615794182,0.9574806745648384,2
set_transformer,family,False,halophily,acc,0.47614917159080505,0.0,0.0,0.47614917159080505,0.47614917159080505,2
set_transformer,family,False,isolation_source,acc,0.40625,0.08308505184704115,0.7464775454401968,-0.34022754544019684,1.1527275454401968,2
set_transformer,family,False,metabolite_production,f1,0.11418581673029737,0.011217277366147287,0.10078161460642697,0.013404202123870404,0.21496743133672436,2
set_transformer,family,False,motility,acc,0.6606822311878204,0.04400902271865086,0.3953990101218223,0.2652832210659981,1.0560812413096428,2
set_transformer,family,False,oxygen_tolerance,acc,0.5763535499572754,0.0003272281318385813,0.0029399807453155515,0.5734135692119599,0.5792935307025909,2
set_transformer,family,False,pathogenicity_animal,acc,0.8163594305515289,0.03747339521376355,0.336679672896862,0.4796797576546669,1.153039103448391,2
set_transformer,family,False,pathogenicity_human,acc,0.8214285671710968,0.029517418914059103,0.26519921368360516,0.5562293534874916,1.086627780854702,2
set_transformer,family,False,ph_class,acc,0.5630252361297607,0.004753658749846716,0.042709241151809685,0.520315994977951,0.6057344772815705,2
set_transformer,family,False,pigmentation,acc,0.7335092127323151,0.0018657145430317462,0.016762510001659393,0.7167467027306557,0.7502717227339745,2
set_transformer,family,False,sporulation,acc,0.9245982766151428,0.0052443323602105445,0.04711769759654998,0.8774805790185929,0.9717159742116928,2
set_transformer,family,False,temperature_class,acc,0.7343102395534515,0.0031398980672130944,0.028210410296916955,0.7060998292565346,0.7625206498503685,2
set_transformer,family,True,amr_phenotype,f1,0.38258223100142047,0.005909237422538136,0.014680544310863377,0.3679016866905571,0.3972627753122838,3
set_transformer,family,True,biosafety_level,acc,0.8385593295097351,0.01910075218750888,0.04745272846713666,0.7911066010425984,0.8860120579768718,3
set_transformer,family,True,carbon_utilization,f1,0.46604709999234073,0.008845166848523406,0.02197438596077828,0.44407271403156245,0.488021485953119,3
set_transformer,family,True,catalase,acc,0.8446759184201559,0.015533441043045644,0.03859032108997035,0.8060855973301855,0.8832662395101263,3
set_transformer,family,True,cell_shape,acc,0.5221048494180044,0.05038183951421755,0.12516552891076613,0.39693932050723824,0.6472703783287705,3
set_transformer,family,True,country,acc,0.06033798431356748,0.008315893000959305,0.020659490718608682,0.0396784935949588,0.08099747503217616,3
set_transformer,family,True,cultivation_medium,f1,0.3153522114077399,0.00781905597365825,0.01942517950837507,0.2959270318993648,0.33477739091611497,3
set_transformer,family,True,cytochrome_oxidase,acc,0.8328395088513693,0.005987335604199758,0.014874566607565892,0.8179649422438033,0.8477140754589352,3
set_transformer,family,True,fatty_acid_profile,rmse,0.28182442976413574,0.05015506037457055,0.12460213282929047,0.15722229693484527,0.40642656259342624,3
set_transformer,family,True,gram_stain,acc,0.9079765876134237,0.0038938554045943844,0.009673653759318687,0.898302933854105,0.9176502413727424,3
set_transformer,family,True,halophily,acc,0.543220599492391,0.015522837920517802,0.0385639793475469,0.5046566201448441,0.5817845788399378,3
set_transformer,family,True,isolation_source,acc,0.45916666587193805,0.025041641840446632,0.06221190762336045,0.3969547582485776,0.5213785734952985,3
set_transformer,family,True,metabolite_production,f1,0.12064252479716153,0.015579337419689171,0.03870434321208944,0.0819381815850721,0.15934686800925096,3
set_transformer,family,True,motility,acc,0.6086176037788391,0.019262088825293386,0.047853543240787076,0.5607640605380521,0.6564711470196262,3
set_transformer,family,True,oxygen_tolerance,acc,0.6432207425435384,0.038279674082681577,0.09509965692575598,0.5481210856177825,0.7383203994692944,3
set_transformer,family,True,pathogenicity_animal,acc,0.8657450079917908,0.004130335675110215,0.010261150730875714,0.855483857260915,0.8760061587226665,3
set_transformer,family,True,pathogenicity_human,acc,0.8368892868359884,0.0072796872394615695,0.018085205153635465,0.818804081682353,0.8549744919896238,3
set_transformer,family,True,ph_class,acc,0.5282913446426392,0.009847840214841964,0.024465365715191277,0.5038259789274478,0.5527567103578305,3
set_transformer,family,True,pigmentation,acc,0.7049252192179362,0.010744761996847561,0.0266936227681049,0.6782315964498312,0.7316188419860411,3
set_transformer,family,True,sporulation,acc,0.8887515465418497,0.009888738393798538,0.024566970623823924,0.8641845759180258,0.9133185171656737,3
set_transformer,family,True,temperature_class,acc,0.8408328294754028,0.0209375954500499,0.05201606836696792,0.7888167611084349,0.8928488978423708,3
set_transformer,genus,False,amr_phenotype,f1,0.39604079524243146,0.0028613804631274498,0.0071086368130963695,0.3889321584293351,0.40314943205552783,3
set_transformer,genus,False,biosafety_level,acc,0.8695979118347168,0.006605931545701408,0.016411368140551958,0.8531865436941648,0.8860092799752688,3
set_transformer,genus,False,carbon_utilization,f1,0.5748923499880143,0.00596375262220604,0.014815978504332706,0.5600763714836816,0.589708328492347,3
set_transformer,genus,False,catalase,acc,0.8986908396085104,0.0012577920294447908,0.0031247807968737707,0.8955660588116366,0.9018156204053841,3
set_transformer,genus,False,cell_shape,acc,0.5690535108248392,0.031513485865840976,0.07829015701395428,0.490763353810885,0.6473436678387935,3
set_transformer,genus,False,country,acc,0.03194789091746012,0.004590151027584484,0.01140348757980103,0.02054440333765909,0.04335137849726115,3
set_transformer,genus,False,cultivation_medium,f1,0.40413958175591963,0.0027867994471599874,0.006923352345512858,0.3972162294104068,0.41106293410143246,3
set_transformer,genus,False,cytochrome_oxidase,acc,0.8310008446375529,0.005102281318376731,0.012675792428855758,0.8183250522086971,0.8436766370664086,3
set_transformer,genus,False,fatty_acid_profile,rmse,0.09077964072576106,0.0013909181718249383,0.003455511158915414,0.08732412956684564,0.09423515188467647,3
set_transformer,genus,False,gram_stain,acc,0.9232568939526876,0.0014038383961778342,0.003487609365935418,0.9197692845867522,0.926744503318623,3
set_transformer,genus,False,halophily,acc,0.5049609442551931,0.014123489277033404,0.035087524045773706,0.4698734202094194,0.5400484683009669,3
set_transformer,genus,False,isolation_source,acc,0.3832991123199463,0.03388609567394291,0.08418452221366374,0.29911459010628255,0.46748363453361,3
set_transformer,genus,False,metabolite_production,f1,0.10896629087386593,0.007270814598183592,0.018063162511899843,0.0909031283619661,0.12702945338576577,3
set_transformer,genus,False,motility,acc,0.7076766888300577,0.004902715199635183,0.012180002694979413,0.6954966861350783,0.7198566915250372,3
set_transformer,genus,False,oxygen_tolerance,acc,0.6188652515411377,0.003861199185933141,0.00959252466755921,0.6092727268735785,0.6284577762086969,3
set_transformer,genus,False,pathogenicity_animal,acc,0.8950376709302267,0.0045168366796716885,0.011221349944062988,0.8838163209861637,0.9062590208742897,3
set_transformer,genus,False,pathogenicity_human,acc,0.8685259024302164,0.0010540943569065226,0.0026187268860404928,0.865907175544176,0.8711446293162569,3
set_transformer,genus,False,ph_class,acc,0.5808806816736857,0.014525040530101193,0.036085113166369975,0.5447955685073157,0.6169657948400556,3
set_transformer,genus,False,pigmentation,acc,0.6985662976900736,0.0006208061490166693,0.0015422924359639488,0.6970240052541097,0.7001085901260375,3
set_transformer,genus,False,sporulation,acc,0.91351717710495,0.004717885843222745,0.01172082406282425,0.9017963530421257,0.9252380011677742,3
set_transformer,genus,False,temperature_class,acc,0.8232662280400594,0.012689595503279031,0.03152524695695932,0.7917409810831001,0.8547914749970188,3
set_transformer,species,False,amr_phenotype,f1,0.42623657353322947,0.008971073760219694,0.022287181312197313,0.40394939222103216,0.4485237548454268,3
set_transformer,species,False,biosafety_level,acc,0.8543392618497213,0.0021807890167883544,0.005417817478698369,0.8489214443710229,0.8597570793284197,3
set_transformer,species,False,carbon_utilization,f1,0.5855324140817221,0.00042387183886208855,0.0010530410047171995,0.5844793730770049,0.5865854550864392,3
set_transformer,species,False,catalase,acc,0.9118346770604452,0.0002575106659141761,0.0006397435863812765,0.9111949334740639,0.9124744206468265,3
set_transformer,species,False,cell_shape,acc,0.5921879013379415,0.016207803244273247,0.040265664872728854,0.5519222364652127,0.6324535662106704,3
set_transformer,species,False,country,acc,0.036506395787000656,0.0011475997162477452,0.00285102582293486,0.0336553699640658,0.039357421609935515,3
set_transformer,species,False,cultivation_medium,f1,0.43803841371042324,0.002747148210086461,0.006824845262243824,0.43121356844817943,0.44486325897266704,3
set_transformer,species,False,cytochrome_oxidase,acc,0.8405388593673706,0.003650105185465477,0.009068095776649647,0.8314707635907209,0.8496069551440203,3
set_transformer,species,False,fatty_acid_profile,rmse,0.09336083380504549,0.0023537847306663398,0.005847597340561555,0.08751323646448393,0.09920843114560705,3
set_transformer,species,False,gram_stain,acc,0.9148215452829996,0.003812709755474626,0.009472060522771301,0.9053494847602284,0.9242936058057709,3
set_transformer,species,False,halophily,acc,0.5401280124982198,0.007738155816220269,0.019224196156192554,0.5209038163420273,0.5593522086544124,3
set_transformer,species,False,isolation_source,acc,0.347948282957077,0.0019472286884165036,0.004837574630975723,0.3431107083261013,0.35278585758805275,3
set_transformer,species,False,metabolite_production,f1,0.161353894452143,0.0010102065055740748,0.0025096946200940952,0.1588441998320489,0.16386358907223708,3
set_transformer,species,False,motility,acc,0.7545018792152405,0.0011873517361863277,0.002949783284926297,0.7515520959303141,0.7574516625001668,3
set_transformer,species,False,oxygen_tolerance,acc,0.6891398231188456,0.005527495825095436,0.013732169074630237,0.6754076540442153,0.7028719921934758,3
set_transformer,species,False,pathogenicity_animal,acc,0.8715255657831827,0.005731786269521678,0.014239695631313627,0.8572858701518691,0.8857652614144964,3
set_transformer,species,False,pathogenicity_human,acc,0.8255461653073629,0.000495630611093945,0.0012313140643551452,0.8243148512430077,0.8267774793717181,3
set_transformer,species,False,ph_class,acc,0.5867435137430826,0.0015249161858271205,0.0037884075449404297,0.5829551061981422,0.5905319212880231,3
set_transformer,species,False,pigmentation,acc,0.714694102605184,0.01231930680557922,0.030605324597153524,0.6840887780080305,0.7452994272023374,3
set_transformer,species,False,sporulation,acc,0.9443190296490988,0.0037622153759396147,0.009346615406386913,0.9349724142427118,0.9536656450554857,3
set_transformer,species,False,temperature_class,acc,0.7963521480560303,0.004427155379406009,0.010998551263240878,0.7853535967927894,0.8073506993192712,3
