file,pooling,split,seed,balanced,module,key,rows,cols,min_dim,effective_rank,rank_fraction,stable_rank,sigma_max
attention_family_s0.pt,attention,family,0,0,pool,pool.score.0.weight,640,640,640,6.3944,0.01,1.3324,30.5157
attention_family_s0.pt,attention,family,0,0,pool,pool.score.2.weight,1,640,1,1.0,1.0,1.0,1.1549
attention_family_s0.pt,attention,family,0,0,encoder,encoder.0.weight,512,640,512,36.5886,0.0715,7.6802,13.9622
attention_family_s0.pt,attention,family,0,0,encoder,encoder.3.weight,256,512,256,59.442,0.2322,10.5976,5.923
attention_family_s0.pt,attention,family,0,0,head,heads.gram_stain.weight,3,256,3,2.4203,0.8068,1.6297,1.7572
attention_family_s0.pt,attention,family,0,0,head,heads.cell_shape.weight,7,256,7,5.6009,0.8001,2.8966,2.1516
attention_family_s0.pt,attention,family,0,0,head,heads.motility.weight,1,256,1,1.0,1.0,1.0,1.2582
attention_family_s0.pt,attention,family,0,0,head,heads.sporulation.weight,1,256,1,1.0,1.0,1.0,1.6304
attention_family_s0.pt,attention,family,0,0,head,heads.pigmentation.weight,1,256,1,1.0,1.0,1.0,0.7383
attention_family_s0.pt,attention,family,0,0,head,heads.oxygen_tolerance.weight,6,256,6,3.7563,0.626,1.7611,2.7787
attention_family_s0.pt,attention,family,0,0,head,heads.catalase.weight,1,256,1,1.0,1.0,1.0,1.2571
attention_family_s0.pt,attention,family,0,0,head,heads.cytochrome_oxidase.weight,1,256,1,1.0,1.0,1.0,1.3389
attention_family_s0.pt,attention,family,0,0,head,heads.halophily.weight,4,256,4,3.221,0.8052,1.8132,1.2954
attention_family_s0.pt,attention,family,0,0,head,heads.temperature_class.weight,5,256,5,3.5564,0.7113,2.0546,2.4319
attention_family_s0.pt,attention,family,0,0,head,heads.ph_class.weight,3,256,3,2.488,0.8293,1.5822,1.0792
attention_family_s0.pt,attention,family,0,0,head,heads.cultivation_medium.weight,200,256,200,6.6069,0.033,1.513,30.1897
attention_family_s0.pt,attention,family,0,0,head,heads.carbon_utilization.weight,80,256,80,33.7131,0.4214,5.6689,3.7596
attention_family_s0.pt,attention,family,0,0,head,heads.metabolite_production.weight,50,256,50,16.8666,0.3373,2.6569,4.5253
attention_family_s0.pt,attention,family,0,0,head,heads.amr_phenotype.weight,30,256,30,18.2248,0.6075,4.6701,2.9204
attention_family_s0.pt,attention,family,0,0,head,heads.biosafety_level.weight,4,256,4,2.4856,0.6214,1.4603,2.9181
attention_family_s0.pt,attention,family,0,0,head,heads.pathogenicity_human.weight,1,256,1,1.0,1.0,1.0,1.363
attention_family_s0.pt,attention,family,0,0,head,heads.pathogenicity_animal.weight,1,256,1,1.0,1.0,1.0,1.3972
attention_family_s0.pt,attention,family,0,0,head,heads.isolation_source.weight,20,256,20,9.003,0.4502,2.4492,5.2376
attention_family_s0.pt,attention,family,0,0,head,heads.country.weight,100,256,100,14.902,0.149,2.1585,14.3637
attention_family_s0.pt,attention,family,0,0,head,heads.fatty_acid_profile.weight,30,256,30,23.9637,0.7988,11.5413,0.4561
attention_genus_s0.pt,attention,genus,0,0,pool,pool.score.0.weight,640,640,640,6.0379,0.0094,1.3118,30.7375
attention_genus_s0.pt,attention,genus,0,0,pool,pool.score.2.weight,1,640,1,1.0,1.0,1.0,1.2356
attention_genus_s0.pt,attention,genus,0,0,encoder,encoder.0.weight,512,640,512,36.125,0.0706,8.3096,13.4969
attention_genus_s0.pt,attention,genus,0,0,encoder,encoder.3.weight,256,512,256,58.588,0.2289,10.409,6.0084
attention_genus_s0.pt,attention,genus,0,0,head,heads.gram_stain.weight,3,256,3,2.3991,0.7997,1.6385,1.715
attention_genus_s0.pt,attention,genus,0,0,head,heads.cell_shape.weight,7,256,7,5.6393,0.8056,3.1177,2.0506
attention_genus_s0.pt,attention,genus,0,0,head,heads.motility.weight,1,256,1,1.0,1.0,1.0,1.2473
attention_genus_s0.pt,attention,genus,0,0,head,heads.sporulation.weight,1,256,1,1.0,1.0,1.0,1.6302
attention_genus_s0.pt,attention,genus,0,0,head,heads.pigmentation.weight,1,256,1,1.0,1.0,1.0,0.7226
attention_genus_s0.pt,attention,genus,0,0,head,heads.oxygen_tolerance.weight,6,256,6,4.2823,0.7137,1.9912,2.3839
attention_genus_s0.pt,attention,genus,0,0,head,heads.catalase.weight,1,256,1,1.0,1.0,1.0,1.3444
attention_genus_s0.pt,attention,genus,0,0,head,heads.cytochrome_oxidase.weight,1,256,1,1.0,1.0,1.0,1.4746
attention_genus_s0.pt,attention,genus,0,0,head,heads.halophily.weight,4,256,4,3.3717,0.8429,2.0816,1.21
attention_genus_s0.pt,attention,genus,0,0,head,heads.temperature_class.weight,5,256,5,3.7999,0.76,2.3238,2.2375
attention_genus_s0.pt,attention,genus,0,0,head,heads.ph_class.weight,3,256,3,2.3381,0.7794,1.4755,1.1795
attention_genus_s0.pt,attention,genus,0,0,head,heads.cultivation_medium.weight,200,256,200,7.6895,0.0384,1.6116,29.1642
attention_genus_s0.pt,attention,genus,0,0,head,heads.carbon_utilization.weight,80,256,80,33.0488,0.4131,5.9125,3.7663
attention_genus_s0.pt,attention,genus,0,0,head,heads.metabolite_production.weight,50,256,50,19.1506,0.383,2.907,4.2564
attention_genus_s0.pt,attention,genus,0,0,head,heads.amr_phenotype.weight,30,256,30,17.3746,0.5792,4.9401,2.8842
attention_genus_s0.pt,attention,genus,0,0,head,heads.biosafety_level.weight,4,256,4,2.3524,0.5881,1.3897,3.2342
attention_genus_s0.pt,attention,genus,0,0,head,heads.pathogenicity_human.weight,1,256,1,1.0,1.0,1.0,1.4467
attention_genus_s0.pt,attention,genus,0,0,head,heads.pathogenicity_animal.weight,1,256,1,1.0,1.0,1.0,1.4447
attention_genus_s0.pt,attention,genus,0,0,head,heads.isolation_source.weight,20,256,20,8.1327,0.4066,2.1843,5.6188
attention_genus_s0.pt,attention,genus,0,0,head,heads.country.weight,100,256,100,14.8288,0.1483,2.1435,14.0746
attention_genus_s0.pt,attention,genus,0,0,head,heads.fatty_acid_profile.weight,30,256,30,23.569,0.7856,11.0939,0.4493
attention_genus_s1.pt,attention,genus,1,0,pool,pool.score.0.weight,640,640,640,6.3345,0.0099,1.3388,30.654
attention_genus_s1.pt,attention,genus,1,0,pool,pool.score.2.weight,1,640,1,1.0,1.0,1.0,1.1927
attention_genus_s1.pt,attention,genus,1,0,encoder,encoder.0.weight,512,640,512,33.6392,0.0657,7.6862,14.449
attention_genus_s1.pt,attention,genus,1,0,encoder,encoder.3.weight,256,512,256,57.15,0.2232,10.2125,6.0288
attention_genus_s1.pt,attention,genus,1,0,head,heads.gram_stain.weight,3,256,3,2.4381,0.8127,1.715,1.6998
attention_genus_s1.pt,attention,genus,1,0,head,heads.cell_shape.weight,7,256,7,5.6071,0.801,2.9133,2.2272
attention_genus_s1.pt,attention,genus,1,0,head,heads.motility.weight,1,256,1,1.0,1.0,1.0,1.2046
attention_genus_s1.pt,attention,genus,1,0,head,heads.sporulation.weight,1,256,1,1.0,1.0,1.0,1.6584
attention_genus_s1.pt,attention,genus,1,0,head,heads.pigmentation.weight,1,256,1,1.0,1.0,1.0,0.7266
attention_genus_s1.pt,attention,genus,1,0,head,heads.oxygen_tolerance.weight,6,256,6,4.258,0.7097,2.046,2.3901
attention_genus_s1.pt,attention,genus,1,0,head,heads.catalase.weight,1,256,1,1.0,1.0,1.0,1.3191
attention_genus_s1.pt,attention,genus,1,0,head,heads.cytochrome_oxidase.weight,1,256,1,1.0,1.0,1.0,1.356
attention_genus_s1.pt,attention,genus,1,0,head,heads.halophily.weight,4,256,4,3.3785,0.8446,1.9646,1.2251
attention_genus_s1.pt,attention,genus,1,0,head,heads.temperature_class.weight,5,256,5,3.9329,0.7866,2.4925,2.2217
attention_genus_s1.pt,attention,genus,1,0,head,heads.ph_class.weight,3,256,3,2.4392,0.8131,1.5506,1.105
attention_genus_s1.pt,attention,genus,1,0,head,heads.cultivation_medium.weight,200,256,200,7.884,0.0394,1.6164,27.6398
attention_genus_s1.pt,attention,genus,1,0,head,heads.carbon_utilization.weight,80,256,80,33.6769,0.421,5.7483,3.7321
attention_genus_s1.pt,attention,genus,1,0,head,heads.metabolite_production.weight,50,256,50,18.2656,0.3653,2.7835,4.3409
attention_genus_s1.pt,attention,genus,1,0,head,heads.amr_phenotype.weight,30,256,30,16.2974,0.5432,4.2586,3.0808
attention_genus_s1.pt,attention,genus,1,0,head,heads.biosafety_level.weight,4,256,4,2.8208,0.7052,1.6802,2.6975
attention_genus_s1.pt,attention,genus,1,0,head,heads.pathogenicity_human.weight,1,256,1,1.0,1.0,1.0,1.4053
attention_genus_s1.pt,attention,genus,1,0,head,heads.pathogenicity_animal.weight,1,256,1,1.0,1.0,1.0,1.499
attention_genus_s1.pt,attention,genus,1,0,head,heads.isolation_source.weight,20,256,20,8.1957,0.4098,2.255,5.5484
attention_genus_s1.pt,attention,genus,1,0,head,heads.country.weight,100,256,100,14.9746,0.1497,2.1757,14.0896
attention_genus_s1.pt,attention,genus,1,0,head,heads.fatty_acid_profile.weight,30,256,30,25.3624,0.8454,11.5149,0.4957
attention_genus_s2.pt,attention,genus,2,0,pool,pool.score.0.weight,640,640,640,5.7684,0.009,1.3081,31.7224
attention_genus_s2.pt,attention,genus,2,0,pool,pool.score.2.weight,1,640,1,1.0,1.0,1.0,1.2648
attention_genus_s2.pt,attention,genus,2,0,encoder,encoder.0.weight,512,640,512,34.9938,0.0683,7.8909,14.2542
attention_genus_s2.pt,attention,genus,2,0,encoder,encoder.3.weight,256,512,256,57.8188,0.2259,10.2946,6.1232
attention_genus_s2.pt,attention,genus,2,0,head,heads.gram_stain.weight,3,256,3,2.5148,0.8383,1.7725,1.6713
attention_genus_s2.pt,attention,genus,2,0,head,heads.cell_shape.weight,7,256,7,5.4563,0.7795,2.7198,2.3177
attention_genus_s2.pt,attention,genus,2,0,head,heads.motility.weight,1,256,1,1.0,1.0,1.0,1.1905
attention_genus_s2.pt,attention,genus,2,0,head,heads.sporulation.weight,1,256,1,1.0,1.0,1.0,1.597
attention_genus_s2.pt,attention,genus,2,0,head,heads.pigmentation.weight,1,256,1,1.0,1.0,1.0,0.7198
attention_genus_s2.pt,attention,genus,2,0,head,heads.oxygen_tolerance.weight,6,256,6,4.5697,0.7616,2.2073,2.1609
attention_genus_s2.pt,attention,genus,2,0,head,heads.catalase.weight,1,256,1,1.0,1.0,1.0,1.2894
attention_genus_s2.pt,attention,genus,2,0,head,heads.cytochrome_oxidase.weight,1,256,1,1.0,1.0,1.0,1.5249
attention_genus_s2.pt,attention,genus,2,0,head,heads.halophily.weight,4,256,4,3.3748,0.8437,2.0166,1.3255
attention_genus_s2.pt,attention,genus,2,0,head,heads.temperature_class.weight,5,256,5,4.0232,0.8046,2.6442,2.0627
attention_genus_s2.pt,attention,genus,2,0,head,heads.ph_class.weight,3,256,3,2.3398,0.7799,1.4805,1.182
attention_genus_s2.pt,attention,genus,2,0,head,heads.cultivation_medium.weight,200,256,200,8.2875,0.0414,1.6113,26.6808
attention_genus_s2.pt,attention,genus,2,0,head,heads.carbon_utilization.weight,80,256,80,33.0031,0.4125,5.6331,3.8455
attention_genus_s2.pt,attention,genus,2,0,head,heads.metabolite_production.weight,50,256,50,18.9416,0.3788,2.8397,4.2951
attention_genus_s2.pt,attention,genus,2,0,head,heads.amr_phenotype.weight,30,256,30,16.9464,0.5649,4.4656,3.0446
attention_genus_s2.pt,attention,genus,2,0,head,heads.biosafety_level.weight,4,256,4,2.8445,0.7111,1.6938,2.5126
attention_genus_s2.pt,attention,genus,2,0,head,heads.pathogenicity_human.weight,1,256,1,1.0,1.0,1.0,1.3715
attention_genus_s2.pt,attention,genus,2,0,head,heads.pathogenicity_animal.weight,1,256,1,1.0,1.0,1.0,1.3749
attention_genus_s2.pt,attention,genus,2,0,head,heads.isolation_source.weight,20,256,20,9.1666,0.4583,2.5649,4.9649
attention_genus_s2.pt,attention,genus,2,0,head,heads.country.weight,100,256,100,16.2864,0.1629,2.2663,13.6913
attention_genus_s2.pt,attention,genus,2,0,head,heads.fatty_acid_profile.weight,30,256,30,24.0619,0.8021,10.4882,0.4963
attention_species_s0.pt,attention,species,0,0,pool,pool.score.0.weight,640,640,640,6.9946,0.0109,1.3375,28.43
attention_species_s0.pt,attention,species,0,0,pool,pool.score.2.weight,1,640,1,1.0,1.0,1.0,1.1829
attention_species_s0.pt,attention,species,0,0,encoder,encoder.0.weight,512,640,512,36.7784,0.0718,8.0977,13.1276
attention_species_s0.pt,attention,species,0,0,encoder,encoder.3.weight,256,512,256,61.2422,0.2392,9.9156,5.8376
attention_species_s0.pt,attention,species,0,0,head,heads.gram_stain.weight,3,256,3,2.2959,0.7653,1.4997,1.676
attention_species_s0.pt,attention,species,0,0,head,heads.cell_shape.weight,7,256,7,5.8019,0.8288,3.0264,1.8134
attention_species_s0.pt,attention,species,0,0,head,heads.motility.weight,1,256,1,1.0,1.0,1.0,1.2179
attention_species_s0.pt,attention,species,0,0,head,heads.sporulation.weight,1,256,1,1.0,1.0,1.0,1.4661
attention_species_s0.pt,attention,species,0,0,head,heads.pigmentation.weight,1,256,1,1.0,1.0,1.0,0.6804
attention_species_s0.pt,attention,species,0,0,head,heads.oxygen_tolerance.weight,6,256,6,3.8424,0.6404,1.7776,2.6063
attention_species_s0.pt,attention,species,0,0,head,heads.catalase.weight,1,256,1,1.0,1.0,1.0,1.175
attention_species_s0.pt,attention,species,0,0,head,heads.cytochrome_oxidase.weight,1,256,1,1.0,1.0,1.0,1.2827
attention_species_s0.pt,attention,species,0,0,head,heads.halophily.weight,4,256,4,3.4414,0.8604,2.0069,1.1882
attention_species_s0.pt,attention,species,0,0,head,heads.temperature_class.weight,5,256,5,3.9189,0.7838,2.1475,2.0484
attention_species_s0.pt,attention,species,0,0,head,heads.ph_class.weight,3,256,3,2.5089,0.8363,1.5994,1.0519
attention_species_s0.pt,attention,species,0,0,head,heads.cultivation_medium.weight,200,256,200,8.6223,0.0431,1.681,24.424
attention_species_s0.pt,attention,species,0,0,head,heads.carbon_utilization.weight,80,256,80,35.5775,0.4447,6.2876,3.312
attention_species_s0.pt,attention,species,0,0,head,heads.metabolite_production.weight,50,256,50,21.7219,0.4344,3.2154,3.5964
attention_species_s0.pt,attention,species,0,0,head,heads.amr_phenotype.weight,30,256,30,18.535,0.6178,4.6683,2.6726
attention_species_s0.pt,attention,species,0,0,head,heads.biosafety_level.weight,4,256,4,2.7846,0.6962,1.6023,2.4986
attention_species_s0.pt,attention,species,0,0,head,heads.pathogenicity_human.weight,1,256,1,1.0,1.0,1.0,1.2958
attention_species_s0.pt,attention,species,0,0,head,heads.pathogenicity_animal.weight,1,256,1,1.0,1.0,1.0,1.3619
attention_species_s0.pt,attention,species,0,0,head,heads.isolation_source.weight,20,256,20,9.0234,0.4512,2.3661,4.7161
attention_species_s0.pt,attention,species,0,0,head,heads.country.weight,100,256,100,16.2904,0.1629,2.2689,11.9434
attention_species_s0.pt,attention,species,0,0,head,heads.fatty_acid_profile.weight,30,256,30,24.5275,0.8176,12.1291,0.4631
attention_species_s1.pt,attention,species,1,0,pool,pool.score.0.weight,640,640,640,6.985,0.0109,1.3746,29.6386
attention_species_s1.pt,attention,species,1,0,pool,pool.score.2.weight,1,640,1,1.0,1.0,1.0,1.1515
attention_species_s1.pt,attention,species,1,0,encoder,encoder.0.weight,512,640,512,36.1021,0.0705,7.5459,14.0056
attention_species_s1.pt,attention,species,1,0,encoder,encoder.3.weight,256,512,256,61.2799,0.2394,9.8396,5.8465
attention_species_s1.pt,attention,species,1,0,head,heads.gram_stain.weight,3,256,3,2.4889,0.8296,1.7213,1.6015
attention_species_s1.pt,attention,species,1,0,head,heads.cell_shape.weight,7,256,7,5.7457,0.8208,2.8819,1.9819
attention_species_s1.pt,attention,species,1,0,head,heads.motility.weight,1,256,1,1.0,1.0,1.0,1.1872
attention_species_s1.pt,attention,species,1,0,head,heads.sporulation.weight,1,256,1,1.0,1.0,1.0,1.3816
attention_species_s1.pt,attention,species,1,0,head,heads.pigmentation.weight,1,256,1,1.0,1.0,1.0,0.7122
attention_species_s1.pt,attention,species,1,0,head,heads.oxygen_tolerance.weight,6,256,6,3.6805,0.6134,1.7251,2.7967
attention_species_s1.pt,attention,species,1,0,head,heads.catalase.weight,1,256,1,1.0,1.0,1.0,1.1645
attention_species_s1.pt,attention,species,1,0,head,heads.cytochrome_oxidase.weight,1,256,1,1.0,1.0,1.0,1.3112
attention_species_s1.pt,attention,species,1,0,head,heads.halophily.weight,4,256,4,3.4129,0.8532,2.0038,1.2047
attention_species_s1.pt,attention,species,1,0,head,heads.temperature_class.weight,5,256,5,4.1915,0.8383,2.4828,2.0007
attention_species_s1.pt,attention,species,1,0,head,heads.ph_class.weight,3,256,3,2.5756,0.8585,1.6601,1.0437
attention_species_s1.pt,attention,species,1,0,head,heads.cultivation_medium.weight,200,256,200,9.2666,0.0463,1.7399,24.0362
attention_species_s1.pt,attention,species,1,0,head,heads.carbon_utilization.weight,80,256,80,33.9977,0.425,5.9688,3.5571
attention_species_s1.pt,attention,species,1,0,head,heads.metabolite_production.weight,50,256,50,21.8074,0.4361,3.2936,3.6165
attention_species_s1.pt,attention,species,1,0,head,heads.amr_phenotype.weight,30,256,30,18.1058,0.6035,4.4461,2.809
attention_species_s1.pt,attention,species,1,0,head,heads.biosafety_level.weight,4,256,4,2.9081,0.727,1.7007,2.5373
attention_species_s1.pt,attention,species,1,0,head,heads.pathogenicity_human.weight,1,256,1,1.0,1.0,1.0,1.3387
attention_species_s1.pt,attention,species,1,0,head,heads.pathogenicity_animal.weight,1,256,1,1.0,1.0,1.0,1.5397
attention_species_s1.pt,attention,species,1,0,head,heads.isolation_source.weight,20,256,20,8.3418,0.4171,2.1627,5.0554
attention_species_s1.pt,attention,species,1,0,head,heads.country.weight,100,256,100,12.1478,0.1215,1.9501,14.4073
attention_species_s1.pt,attention,species,1,0,head,heads.fatty_acid_profile.weight,30,256,30,25.7531,0.8584,13.2456,0.4943
attention_species_s2.pt,attention,species,2,0,pool,pool.score.0.weight,640,640,640,7.6085,0.0119,1.3764,27.6997
attention_species_s2.pt,attention,species,2,0,pool,pool.score.2.weight,1,640,1,1.0,1.0,1.0,1.1358
attention_species_s2.pt,attention,species,2,0,encoder,encoder.0.weight,512,640,512,36.9208,0.0721,8.394,13.3173
attention_species_s2.pt,attention,species,2,0,encoder,encoder.3.weight,256,512,256,61.9177,0.2419,10.0306,5.9079
attention_species_s2.pt,attention,species,2,0,head,heads.gram_stain.weight,3,256,3,2.3199,0.7733,1.5373,1.6402
attention_species_s2.pt,attention,species,2,0,head,heads.cell_shape.weight,7,256,7,5.5849,0.7978,2.6648,2.0194
attention_species_s2.pt,attention,species,2,0,head,heads.motility.weight,1,256,1,1.0,1.0,1.0,1.148
attention_species_s2.pt,attention,species,2,0,head,heads.sporulation.weight,1,256,1,1.0,1.0,1.0,1.4002
attention_species_s2.pt,attention,species,2,0,head,heads.pigmentation.weight,1,256,1,1.0,1.0,1.0,0.708
attention_species_s2.pt,attention,species,2,0,head,heads.oxygen_tolerance.weight,6,256,6,4.0189,0.6698,1.903,2.4825
attention_species_s2.pt,attention,species,2,0,head,heads.catalase.weight,1,256,1,1.0,1.0,1.0,1.154
attention_species_s2.pt,attention,species,2,0,head,heads.cytochrome_oxidase.weight,1,256,1,1.0,1.0,1.0,1.3412
attention_species_s2.pt,attention,species,2,0,head,heads.halophily.weight,4,256,4,3.4757,0.8689,2.0638,1.2428
attention_species_s2.pt,attention,species,2,0,head,heads.temperature_class.weight,5,256,5,4.1033,0.8207,2.2807,1.9983
attention_species_s2.pt,attention,species,2,0,head,heads.ph_class.weight,3,256,3,2.4664,0.8221,1.5623,1.0688
attention_species_s2.pt,attention,species,2,0,head,heads.cultivation_medium.weight,200,256,200,9.2527,0.0463,1.7218,23.8535
attention_species_s2.pt,attention,species,2,0,head,heads.carbon_utilization.weight,80,256,80,34.5158,0.4314,6.2831,3.3748
attention_species_s2.pt,attention,species,2,0,head,heads.metabolite_production.weight,50,256,50,22.2639,0.4453,3.3538,3.5785
attention_species_s2.pt,attention,species,2,0,head,heads.amr_phenotype.weight,30,256,30,18.4518,0.6151,4.5265,2.757
attention_species_s2.pt,attention,species,2,0,head,heads.biosafety_level.weight,4,256,4,2.9494,0.7373,1.7275,2.3047
attention_species_s2.pt,attention,species,2,0,head,heads.pathogenicity_human.weight,1,256,1,1.0,1.0,1.0,1.2957
attention_species_s2.pt,attention,species,2,0,head,heads.pathogenicity_animal.weight,1,256,1,1.0,1.0,1.0,1.3165
attention_species_s2.pt,attention,species,2,0,head,heads.isolation_source.weight,20,256,20,9.4822,0.4741,2.4999,4.4238
attention_species_s2.pt,attention,species,2,0,head,heads.country.weight,100,256,100,15.4881,0.1549,2.2248,12.6775
attention_species_s2.pt,attention,species,2,0,head,heads.fatty_acid_profile.weight,30,256,30,24.9292,0.831,12.4531,0.4701
mean_family_s0.pt,mean,family,0,0,encoder,encoder.0.weight,512,640,512,21.1327,0.0413,5.5871,18.1502
mean_family_s0.pt,mean,family,0,0,encoder,encoder.3.weight,256,512,256,43.3,0.1691,7.4902,7.0068
mean_family_s0.pt,mean,family,0,0,head,heads.gram_stain.weight,3,256,3,2.2666,0.7555,1.4608,1.8092
mean_family_s0.pt,mean,family,0,0,head,heads.cell_shape.weight,7,256,7,5.8113,0.8302,3.0614,2.1203
mean_family_s0.pt,mean,family,0,0,head,heads.motility.weight,1,256,1,1.0,1.0,1.0,1.3388
mean_family_s0.pt,mean,family,0,0,head,heads.sporulation.weight,1,256,1,1.0,1.0,1.0,1.9023
mean_family_s0.pt,mean,family,0,0,head,heads.pigmentation.weight,1,256,1,1.0,1.0,1.0,0.7782
mean_family_s0.pt,mean,family,0,0,head,heads.oxygen_tolerance.weight,6,256,6,3.8961,0.6494,1.883,3.0778
mean_family_s0.pt,mean,family,0,0,head,heads.catalase.weight,1,256,1,1.0,1.0,1.0,1.3431
mean_family_s0.pt,mean,family,0,0,head,heads.cytochrome_oxidase.weight,1,256,1,1.0,1.0,1.0,1.6034
mean_family_s0.pt,mean,family,0,0,head,heads.halophily.weight,4,256,4,3.0468,0.7617,1.6929,1.4039
mean_family_s0.pt,mean,family,0,0,head,heads.temperature_class.weight,5,256,5,3.5821,0.7164,1.9719,2.6828
mean_family_s0.pt,mean,family,0,0,head,heads.ph_class.weight,3,256,3,2.3812,0.7937,1.5144,1.0879
mean_family_s0.pt,mean,family,0,0,head,heads.cultivation_medium.weight,200,256,200,7.2147,0.0361,1.5866,27.6442
mean_family_s0.pt,mean,family,0,0,head,heads.carbon_utilization.weight,80,256,80,28.0679,0.3508,4.3614,4.5028
mean_family_s0.pt,mean,family,0,0,head,heads.metabolite_production.weight,50,256,50,14.9478,0.299,2.4957,4.886
mean_family_s0.pt,mean,family,0,0,head,heads.amr_phenotype.weight,30,256,30,16.7912,0.5597,4.37,2.9507
mean_family_s0.pt,mean,family,0,0,head,heads.biosafety_level.weight,4,256,4,2.7165,0.6791,1.5979,2.7107
mean_family_s0.pt,mean,family,0,0,head,heads.pathogenicity_human.weight,1,256,1,1.0,1.0,1.0,1.3819
mean_family_s0.pt,mean,family,0,0,head,heads.pathogenicity_animal.weight,1,256,1,1.0,1.0,1.0,1.5441
mean_family_s0.pt,mean,family,0,0,head,heads.isolation_source.weight,20,256,20,8.8496,0.4425,2.667,5.1803
mean_family_s0.pt,mean,family,0,0,head,heads.country.weight,100,256,100,15.0902,0.1509,2.2434,13.2291
mean_family_s0.pt,mean,family,0,0,head,heads.fatty_acid_profile.weight,30,256,30,24.5877,0.8196,11.6056,0.519
mean_family_s0_balancedfamilies.pt,mean,family,0,1,encoder,encoder.0.weight,512,640,512,22.8696,0.0447,5.0493,21.3937
mean_family_s0_balancedfamilies.pt,mean,family,0,1,encoder,encoder.3.weight,256,512,256,38.2934,0.1496,8.5223,8.3417
mean_family_s0_balancedfamilies.pt,mean,family,0,1,head,heads.gram_stain.weight,3,256,3,2.3889,0.7963,1.6613,1.9316
mean_family_s0_balancedfamilies.pt,mean,family,0,1,head,heads.cell_shape.weight,7,256,7,5.6107,0.8015,2.9811,2.5559
mean_family_s0_balancedfamilies.pt,mean,family,0,1,head,heads.motility.weight,1,256,1,1.0,1.0,1.0,1.4409
mean_family_s0_balancedfamilies.pt,mean,family,0,1,head,heads.sporulation.weight,1,256,1,1.0,1.0,1.0,2.633
mean_family_s0_balancedfamilies.pt,mean,family,0,1,head,heads.pigmentation.weight,1,256,1,1.0,1.0,1.0,1.5678
mean_family_s0_balancedfamilies.pt,mean,family,0,1,head,heads.oxygen_tolerance.weight,6,256,6,4.4708,0.7451,2.168,2.8135
mean_family_s0_balancedfamilies.pt,mean,family,0,1,head,heads.catalase.weight,1,256,1,1.0,1.0,1.0,1.8546
mean_family_s0_balancedfamilies.pt,mean,family,0,1,head,heads.cytochrome_oxidase.weight,1,256,1,1.0,1.0,1.0,1.6598
mean_family_s0_balancedfamilies.pt,mean,family,0,1,head,heads.halophily.weight,4,256,4,3.2841,0.821,2.161,1.8073
mean_family_s0_balancedfamilies.pt,mean,family,0,1,head,heads.temperature_class.weight,5,256,5,3.9319,0.7864,2.2286,2.5646
mean_family_s0_balancedfamilies.pt,mean,family,0,1,head,heads.ph_class.weight,3,256,3,2.3202,0.7734,1.5408,1.7369
mean_family_s0_balancedfamilies.pt,mean,family,0,1,head,heads.cultivation_medium.weight,200,256,200,9.3459,0.0467,1.7466,26.9146
mean_family_s0_balancedfamilies.pt,mean,family,0,1,head,heads.carbon_utilization.weight,80,256,80,32.4944,0.4062,7.1263,4.6491
mean_family_s0_balancedfamilies.pt,mean,family,0,1,head,heads.metabolite_production.weight,50,256,50,18.0025,0.3601,2.8249,4.1903
mean_family_s0_balancedfamilies.pt,mean,family,0,1,head,heads.amr_phenotype.weight,30,256,30,17.1905,0.573,4.8945,3.5382
mean_family_s0_balancedfamilies.pt,mean,family,0,1,head,heads.biosafety_level.weight,4,256,4,2.7229,0.6807,1.5854,2.6753
mean_family_s0_balancedfamilies.pt,mean,family,0,1,head,heads.pathogenicity_human.weight,1,256,1,1.0,1.0,1.0,1.7296
mean_family_s0_balancedfamilies.pt,mean,family,0,1,head,heads.pathogenicity_animal.weight,1,256,1,1.0,1.0,1.0,1.7596
mean_family_s0_balancedfamilies.pt,mean,family,0,1,head,heads.isolation_source.weight,20,256,20,9.8143,0.4907,2.5197,4.8407
mean_family_s0_balancedfamilies.pt,mean,family,0,1,head,heads.country.weight,100,256,100,19.5571,0.1956,2.4909,13.3812
mean_family_s0_balancedfamilies.pt,mean,family,0,1,head,heads.fatty_acid_profile.weight,30,256,30,23.5083,0.7836,10.9631,0.598
mean_family_s1.pt,mean,family,1,0,encoder,encoder.0.weight,512,640,512,19.8328,0.0387,5.692,18.7259
mean_family_s1.pt,mean,family,1,0,encoder,encoder.3.weight,256,512,256,41.7953,0.1633,7.4192,7.1552
mean_family_s1.pt,mean,family,1,0,head,heads.gram_stain.weight,3,256,3,2.2832,0.7611,1.5068,1.8409
mean_family_s1.pt,mean,family,1,0,head,heads.cell_shape.weight,7,256,7,5.7235,0.8176,2.9132,2.1735
mean_family_s1.pt,mean,family,1,0,head,heads.motility.weight,1,256,1,1.0,1.0,1.0,1.3121
mean_family_s1.pt,mean,family,1,0,head,heads.sporulation.weight,1,256,1,1.0,1.0,1.0,1.7949
mean_family_s1.pt,mean,family,1,0,head,heads.pigmentation.weight,1,256,1,1.0,1.0,1.0,0.7461
mean_family_s1.pt,mean,family,1,0,head,heads.oxygen_tolerance.weight,6,256,6,3.8492,0.6415,1.8063,2.8905
mean_family_s1.pt,mean,family,1,0,head,heads.catalase.weight,1,256,1,1.0,1.0,1.0,1.3609
mean_family_s1.pt,mean,family,1,0,head,heads.cytochrome_oxidase.weight,1,256,1,1.0,1.0,1.0,1.5548
mean_family_s1.pt,mean,family,1,0,head,heads.halophily.weight,4,256,4,3.1285,0.7821,1.7567,1.3835
mean_family_s1.pt,mean,family,1,0,head,heads.temperature_class.weight,5,256,5,3.575,0.715,2.0238,2.5077
mean_family_s1.pt,mean,family,1,0,head,heads.ph_class.weight,3,256,3,2.522,0.8407,1.6125,1.0119
mean_family_s1.pt,mean,family,1,0,head,heads.cultivation_medium.weight,200,256,200,6.9746,0.0349,1.5785,28.7194
mean_family_s1.pt,mean,family,1,0,head,heads.carbon_utilization.weight,80,256,80,28.9396,0.3617,4.3595,4.4767
mean_family_s1.pt,mean,family,1,0,head,heads.metabolite_production.weight,50,256,50,14.9334,0.2987,2.4951,4.9234
mean_family_s1.pt,mean,family,1,0,head,heads.amr_phenotype.weight,30,256,30,16.9729,0.5658,4.5175,2.9813
mean_family_s1.pt,mean,family,1,0,head,heads.biosafety_level.weight,4,256,4,2.785,0.6963,1.6213,2.8878
mean_family_s1.pt,mean,family,1,0,head,heads.pathogenicity_human.weight,1,256,1,1.0,1.0,1.0,1.5832
mean_family_s1.pt,mean,family,1,0,head,heads.pathogenicity_animal.weight,1,256,1,1.0,1.0,1.0,1.6887
mean_family_s1.pt,mean,family,1,0,head,heads.isolation_source.weight,20,256,20,9.1432,0.4572,2.6548,5.0476
mean_family_s1.pt,mean,family,1,0,head,heads.country.weight,100,256,100,14.5285,0.1453,2.194,13.7926
mean_family_s1.pt,mean,family,1,0,head,heads.fatty_acid_profile.weight,30,256,30,25.0653,0.8355,12.8454,0.5148
mean_family_s1_balancedfamilies.pt,mean,family,1,1,encoder,encoder.0.weight,512,640,512,19.7895,0.0387,4.6686,23.7939
mean_family_s1_balancedfamilies.pt,mean,family,1,1,encoder,encoder.3.weight,256,512,256,36.7417,0.1435,8.4482,8.337
mean_family_s1_balancedfamilies.pt,mean,family,1,1,head,heads.gram_stain.weight,3,256,3,2.4454,0.8151,1.8434,1.8756
mean_family_s1_balancedfamilies.pt,mean,family,1,1,head,heads.cell_shape.weight,7,256,7,5.8977,0.8425,3.6147,2.3853
mean_family_s1_balancedfamilies.pt,mean,family,1,1,head,heads.motility.weight,1,256,1,1.0,1.0,1.0,1.4912
mean_family_s1_balancedfamilies.pt,mean,family,1,1,head,heads.sporulation.weight,1,256,1,1.0,1.0,1.0,2.4589
mean_family_s1_balancedfamilies.pt,mean,family,1,1,head,heads.pigmentation.weight,1,256,1,1.0,1.0,1.0,1.5525
mean_family_s1_balancedfamilies.pt,mean,family,1,1,head,heads.oxygen_tolerance.weight,6,256,6,4.822,0.8037,2.5685,2.604
mean_family_s1_balancedfamilies.pt,mean,family,1,1,head,heads.catalase.weight,1,256,1,1.0,1.0,1.0,1.8032
mean_family_s1_balancedfamilies.pt,mean,family,1,1,head,heads.cytochrome_oxidase.weight,1,256,1,1.0,1.0,1.0,1.6953
mean_family_s1_balancedfamilies.pt,mean,family,1,1,head,heads.halophily.weight,4,256,4,3.3553,0.8388,2.4284,1.7958
mean_family_s1_balancedfamilies.pt,mean,family,1,1,head,heads.temperature_class.weight,5,256,5,4.1675,0.8335,2.3689,2.5044
mean_family_s1_balancedfamilies.pt,mean,family,1,1,head,heads.ph_class.weight,3,256,3,2.3,0.7667,1.5345,1.7753
mean_family_s1_balancedfamilies.pt,mean,family,1,1,head,heads.cultivation_medium.weight,200,256,200,8.4228,0.0421,1.6646,28.9216
mean_family_s1_balancedfamilies.pt,mean,family,1,1,head,heads.carbon_utilization.weight,80,256,80,32.6157,0.4077,7.2794,4.645
mean_family_s1_balancedfamilies.pt,mean,family,1,1,head,heads.metabolite_production.weight,50,256,50,18.8842,0.3777,2.9179,4.0804
mean_family_s1_balancedfamilies.pt,mean,family,1,1,head,heads.amr_phenotype.weight,30,256,30,17.9386,0.598,5.5717,3.3417
mean_family_s1_balancedfamilies.pt,mean,family,1,1,head,heads.biosafety_level.weight,4,256,4,2.8197,0.7049,1.6805,2.8453
mean_family_s1_balancedfamilies.pt,mean,family,1,1,head,heads.pathogenicity_human.weight,1,256,1,1.0,1.0,1.0,1.7199
mean_family_s1_balancedfamilies.pt,mean,family,1,1,head,heads.pathogenicity_animal.weight,1,256,1,1.0,1.0,1.0,1.8762
mean_family_s1_balancedfamilies.pt,mean,family,1,1,head,heads.isolation_source.weight,20,256,20,8.6054,0.4303,2.2628,5.5891
mean_family_s1_balancedfamilies.pt,mean,family,1,1,head,heads.country.weight,100,256,100,16.1549,0.1615,2.1932,15.3243
mean_family_s1_balancedfamilies.pt,mean,family,1,1,head,heads.fatty_acid_profile.weight,30,256,30,23.6617,0.7887,11.6094,0.582
mean_family_s2.pt,mean,family,2,0,encoder,encoder.0.weight,512,640,512,20.4111,0.0399,5.933,18.4114
mean_family_s2.pt,mean,family,2,0,encoder,encoder.3.weight,256,512,256,40.8979,0.1598,7.2568,7.5327
mean_family_s2.pt,mean,family,2,0,head,heads.gram_stain.weight,3,256,3,2.2729,0.7576,1.4772,1.7457
mean_family_s2.pt,mean,family,2,0,head,heads.cell_shape.weight,7,256,7,5.7088,0.8155,2.8812,2.1489
mean_family_s2.pt,mean,family,2,0,head,heads.motility.weight,1,256,1,1.0,1.0,1.0,1.343
mean_family_s2.pt,mean,family,2,0,head,heads.sporulation.weight,1,256,1,1.0,1.0,1.0,1.7806
mean_family_s2.pt,mean,family,2,0,head,heads.pigmentation.weight,1,256,1,1.0,1.0,1.0,0.7698
mean_family_s2.pt,mean,family,2,0,head,heads.oxygen_tolerance.weight,6,256,6,3.869,0.6448,1.8281,2.778
mean_family_s2.pt,mean,family,2,0,head,heads.catalase.weight,1,256,1,1.0,1.0,1.0,1.4398
mean_family_s2.pt,mean,family,2,0,head,heads.cytochrome_oxidase.weight,1,256,1,1.0,1.0,1.0,1.6173
mean_family_s2.pt,mean,family,2,0,head,heads.halophily.weight,4,256,4,3.0653,0.7663,1.7393,1.3957
mean_family_s2.pt,mean,family,2,0,head,heads.temperature_class.weight,5,256,5,3.6482,0.7296,2.0347,2.4872
mean_family_s2.pt,mean,family,2,0,head,heads.ph_class.weight,3,256,3,2.5218,0.8406,1.6164,1.0467
mean_family_s2.pt,mean,family,2,0,head,heads.cultivation_medium.weight,200,256,200,7.5189,0.0376,1.6124,27.4956
mean_family_s2.pt,mean,family,2,0,head,heads.carbon_utilization.weight,80,256,80,27.9786,0.3497,4.3593,4.5573
mean_family_s2.pt,mean,family,2,0,head,heads.metabolite_production.weight,50,256,50,14.5949,0.2919,2.4248,4.9598
mean_family_s2.pt,mean,family,2,0,head,heads.amr_phenotype.weight,30,256,30,16.9798,0.566,4.4339,2.9879
mean_family_s2.pt,mean,family,2,0,head,heads.biosafety_level.weight,4,256,4,2.7862,0.6966,1.6423,2.6688
mean_family_s2.pt,mean,family,2,0,head,heads.pathogenicity_human.weight,1,256,1,1.0,1.0,1.0,1.5873
mean_family_s2.pt,mean,family,2,0,head,heads.pathogenicity_animal.weight,1,256,1,1.0,1.0,1.0,1.7168
mean_family_s2.pt,mean,family,2,0,head,heads.isolation_source.weight,20,256,20,9.1969,0.4598,2.7065,4.9859
mean_family_s2.pt,mean,family,2,0,head,heads.country.weight,100,256,100,16.1236,0.1612,2.316,13.0112
mean_family_s2.pt,mean,family,2,0,head,heads.fatty_acid_profile.weight,30,256,30,25.0581,0.8353,13.301,0.4662
mean_family_s2_balancedfamilies.pt,mean,family,2,1,encoder,encoder.0.weight,512,640,512,20.0928,0.0392,4.9062,23.9174
mean_family_s2_balancedfamilies.pt,mean,family,2,1,encoder,encoder.3.weight,256,512,256,36.5956,0.143,8.4246,8.5454
mean_family_s2_balancedfamilies.pt,mean,family,2,1,head,heads.gram_stain.weight,3,256,3,2.3818,0.7939,1.6715,2.1244
mean_family_s2_balancedfamilies.pt,mean,family,2,1,head,heads.cell_shape.weight,7,256,7,5.7348,0.8193,3.0805,2.6097
mean_family_s2_balancedfamilies.pt,mean,family,2,1,head,heads.motility.weight,1,256,1,1.0,1.0,1.0,1.6336
mean_family_s2_balancedfamilies.pt,mean,family,2,1,head,heads.sporulation.weight,1,256,1,1.0,1.0,1.0,2.7147
mean_family_s2_balancedfamilies.pt,mean,family,2,1,head,heads.pigmentation.weight,1,256,1,1.0,1.0,1.0,1.7501
mean_family_s2_balancedfamilies.pt,mean,family,2,1,head,heads.oxygen_tolerance.weight,6,256,6,4.4734,0.7456,2.1954,3.0393
mean_family_s2_balancedfamilies.pt,mean,family,2,1,head,heads.catalase.weight,1,256,1,1.0,1.0,1.0,1.7863
mean_family_s2_balancedfamilies.pt,mean,family,2,1,head,heads.cytochrome_oxidase.weight,1,256,1,1.0,1.0,1.0,1.7142
mean_family_s2_balancedfamilies.pt,mean,family,2,1,head,heads.halophily.weight,4,256,4,3.3613,0.8403,2.2151,1.8886
mean_family_s2_balancedfamilies.pt,mean,family,2,1,head,heads.temperature_class.weight,5,256,5,4.1775,0.8355,2.3594,2.468
mean_family_s2_balancedfamilies.pt,mean,family,2,1,head,heads.ph_class.weight,3,256,3,2.3026,0.7675,1.487,1.8035
mean_family_s2_balancedfamilies.pt,mean,family,2,1,head,heads.cultivation_medium.weight,200,256,200,8.1695,0.0408,1.6332,29.6265
mean_family_s2_balancedfamilies.pt,mean,family,2,1,head,heads.carbon_utilization.weight,80,256,80,32.697,0.4087,6.8261,4.8504
mean_family_s2_balancedfamilies.pt,mean,family,2,1,head,heads.metabolite_production.weight,50,256,50,18.7105,0.3742,2.9013,4.0613
mean_family_s2_balancedfamilies.pt,mean,family,2,1,head,heads.amr_phenotype.weight,30,256,30,18.537,0.6179,5.5987,3.2641
mean_family_s2_balancedfamilies.pt,mean,family,2,1,head,heads.biosafety_level.weight,4,256,4,2.7704,0.6926,1.6108,2.8801
mean_family_s2_balancedfamilies.pt,mean,family,2,1,head,heads.pathogenicity_human.weight,1,256,1,1.0,1.0,1.0,1.7573
mean_family_s2_balancedfamilies.pt,mean,family,2,1,head,heads.pathogenicity_animal.weight,1,256,1,1.0,1.0,1.0,1.9185
mean_family_s2_balancedfamilies.pt,mean,family,2,1,head,heads.isolation_source.weight,20,256,20,7.8617,0.3931,2.0505,6.0331
mean_family_s2_balancedfamilies.pt,mean,family,2,1,head,heads.country.weight,100,256,100,16.4203,0.1642,2.2237,15.3977
mean_family_s2_balancedfamilies.pt,mean,family,2,1,head,heads.fatty_acid_profile.weight,30,256,30,23.6908,0.7897,11.4298,0.5791
mean_genus_s0.pt,mean,genus,0,0,encoder,encoder.0.weight,512,640,512,21.3845,0.0418,5.9501,18.3436
mean_genus_s0.pt,mean,genus,0,0,encoder,encoder.3.weight,256,512,256,40.5762,0.1585,7.4243,7.5392
mean_genus_s0.pt,mean,genus,0,0,head,heads.gram_stain.weight,3,256,3,2.2915,0.7638,1.5013,1.7902
mean_genus_s0.pt,mean,genus,0,0,head,heads.cell_shape.weight,7,256,7,5.7662,0.8237,3.1005,2.193
mean_genus_s0.pt,mean,genus,0,0,head,heads.motility.weight,1,256,1,1.0,1.0,1.0,1.3695
mean_genus_s0.pt,mean,genus,0,0,head,heads.sporulation.weight,1,256,1,1.0,1.0,1.0,1.7731
mean_genus_s0.pt,mean,genus,0,0,head,heads.pigmentation.weight,1,256,1,1.0,1.0,1.0,0.7923
mean_genus_s0.pt,mean,genus,0,0,head,heads.oxygen_tolerance.weight,6,256,6,4.4433,0.7406,2.1826,2.4176
mean_genus_s0.pt,mean,genus,0,0,head,heads.catalase.weight,1,256,1,1.0,1.0,1.0,1.464
mean_genus_s0.pt,mean,genus,0,0,head,heads.cytochrome_oxidase.weight,1,256,1,1.0,1.0,1.0,1.3889
mean_genus_s0.pt,mean,genus,0,0,head,heads.halophily.weight,4,256,4,3.2831,0.8208,1.8725,1.3499
mean_genus_s0.pt,mean,genus,0,0,head,heads.temperature_class.weight,5,256,5,3.9193,0.7839,2.6907,2.2208
mean_genus_s0.pt,mean,genus,0,0,head,heads.ph_class.weight,3,256,3,2.197,0.7323,1.3927,1.2588
mean_genus_s0.pt,mean,genus,0,0,head,heads.cultivation_medium.weight,200,256,200,9.1425,0.0457,1.7541,26.0175
mean_genus_s0.pt,mean,genus,0,0,head,heads.carbon_utilization.weight,80,256,80,29.0758,0.3634,4.7419,4.422
mean_genus_s0.pt,mean,genus,0,0,head,heads.metabolite_production.weight,50,256,50,16.6931,0.3339,2.5838,4.6834
mean_genus_s0.pt,mean,genus,0,0,head,heads.amr_phenotype.weight,30,256,30,16.0261,0.5342,4.3773,3.0928
mean_genus_s0.pt,mean,genus,0,0,head,heads.biosafety_level.weight,4,256,4,2.9259,0.7315,1.7429,2.6187
mean_genus_s0.pt,mean,genus,0,0,head,heads.pathogenicity_human.weight,1,256,1,1.0,1.0,1.0,1.6598
mean_genus_s0.pt,mean,genus,0,0,head,heads.pathogenicity_animal.weight,1,256,1,1.0,1.0,1.0,1.7534
mean_genus_s0.pt,mean,genus,0,0,head,heads.isolation_source.weight,20,256,20,8.9477,0.4474,2.6143,5.1672
mean_genus_s0.pt,mean,genus,0,0,head,heads.country.weight,100,256,100,16.3103,0.1631,2.3566,13.2941
mean_genus_s0.pt,mean,genus,0,0,head,heads.fatty_acid_profile.weight,30,256,30,24.3258,0.8109,12.3486,0.4726
mean_genus_s1.pt,mean,genus,1,0,encoder,encoder.0.weight,512,640,512,21.1349,0.0413,5.7685,18.5127
mean_genus_s1.pt,mean,genus,1,0,encoder,encoder.3.weight,256,512,256,40.8436,0.1595,7.3702,7.4773
mean_genus_s1.pt,mean,genus,1,0,head,heads.gram_stain.weight,3,256,3,2.4205,0.8068,1.7063,1.8313
mean_genus_s1.pt,mean,genus,1,0,head,heads.cell_shape.weight,7,256,7,5.7684,0.8241,3.0561,2.191
mean_genus_s1.pt,mean,genus,1,0,head,heads.motility.weight,1,256,1,1.0,1.0,1.0,1.3806
mean_genus_s1.pt,mean,genus,1,0,head,heads.sporulation.weight,1,256,1,1.0,1.0,1.0,1.8891
mean_genus_s1.pt,mean,genus,1,0,head,heads.pigmentation.weight,1,256,1,1.0,1.0,1.0,0.7568
mean_genus_s1.pt,mean,genus,1,0,head,heads.oxygen_tolerance.weight,6,256,6,4.7755,0.7959,2.4712,2.2271
mean_genus_s1.pt,mean,genus,1,0,head,heads.catalase.weight,1,256,1,1.0,1.0,1.0,1.4781
mean_genus_s1.pt,mean,genus,1,0,head,heads.cytochrome_oxidase.weight,1,256,1,1.0,1.0,1.0,1.4066
mean_genus_s1.pt,mean,genus,1,0,head,heads.halophily.weight,4,256,4,3.1747,0.7937,1.7824,1.3239
mean_genus_s1.pt,mean,genus,1,0,head,heads.temperature_class.weight,5,256,5,4.0102,0.802,2.6881,2.2339
mean_genus_s1.pt,mean,genus,1,0,head,heads.ph_class.weight,3,256,3,2.2181,0.7394,1.4006,1.2459
mean_genus_s1.pt,mean,genus,1,0,head,heads.cultivation_medium.weight,200,256,200,8.2953,0.0415,1.6891,28.8021
mean_genus_s1.pt,mean,genus,1,0,head,heads.carbon_utilization.weight,80,256,80,26.0945,0.3262,3.9116,5.0784
mean_genus_s1.pt,mean,genus,1,0,head,heads.metabolite_production.weight,50,256,50,16.1025,0.3221,2.5781,4.8646
mean_genus_s1.pt,mean,genus,1,0,head,heads.amr_phenotype.weight,30,256,30,16.2029,0.5401,4.72,2.9991
mean_genus_s1.pt,mean,genus,1,0,head,heads.biosafety_level.weight,4,256,4,2.8737,0.7184,1.7032,2.8203
mean_genus_s1.pt,mean,genus,1,0,head,heads.pathogenicity_human.weight,1,256,1,1.0,1.0,1.0,1.6547
mean_genus_s1.pt,mean,genus,1,0,head,heads.pathogenicity_animal.weight,1,256,1,1.0,1.0,1.0,1.7322
mean_genus_s1.pt,mean,genus,1,0,head,heads.isolation_source.weight,20,256,20,8.1909,0.4095,2.3379,5.8502
mean_genus_s1.pt,mean,genus,1,0,head,heads.country.weight,100,256,100,14.8326,0.1483,2.2505,14.2642
mean_genus_s1.pt,mean,genus,1,0,head,heads.fatty_acid_profile.weight,30,256,30,24.3013,0.81,11.707,0.4875
mean_genus_s2.pt,mean,genus,2,0,encoder,encoder.0.weight,512,640,512,20.7347,0.0405,5.9001,18.6733
mean_genus_s2.pt,mean,genus,2,0,encoder,encoder.3.weight,256,512,256,40.862,0.1596,7.3417,7.5001
mean_genus_s2.pt,mean,genus,2,0,head,heads.gram_stain.weight,3,256,3,2.4076,0.8025,1.5998,1.7982
mean_genus_s2.pt,mean,genus,2,0,head,heads.cell_shape.weight,7,256,7,5.9406,0.8487,3.5564,1.9414
mean_genus_s2.pt,mean,genus,2,0,head,heads.motility.weight,1,256,1,1.0,1.0,1.0,1.3546
mean_genus_s2.pt,mean,genus,2,0,head,heads.sporulation.weight,1,256,1,1.0,1.0,1.0,1.772
mean_genus_s2.pt,mean,genus,2,0,head,heads.pigmentation.weight,1,256,1,1.0,1.0,1.0,0.7231
mean_genus_s2.pt,mean,genus,2,0,head,heads.oxygen_tolerance.weight,6,256,6,4.7358,0.7893,2.3648,2.2023
mean_genus_s2.pt,mean,genus,2,0,head,heads.catalase.weight,1,256,1,1.0,1.0,1.0,1.4462
mean_genus_s2.pt,mean,genus,2,0,head,heads.cytochrome_oxidase.weight,1,256,1,1.0,1.0,1.0,1.4027
mean_genus_s2.pt,mean,genus,2,0,head,heads.halophily.weight,4,256,4,3.2764,0.8191,1.8924,1.2734
mean_genus_s2.pt,mean,genus,2,0,head,heads.temperature_class.weight,5,256,5,3.9622,0.7924,2.4151,2.1927
mean_genus_s2.pt,mean,genus,2,0,head,heads.ph_class.weight,3,256,3,2.3238,0.7746,1.4685,1.1943
mean_genus_s2.pt,mean,genus,2,0,head,heads.cultivation_medium.weight,200,256,200,8.2431,0.0412,1.6858,27.6732
mean_genus_s2.pt,mean,genus,2,0,head,heads.carbon_utilization.weight,80,256,80,30.156,0.3769,5.1582,4.1284
mean_genus_s2.pt,mean,genus,2,0,head,heads.metabolite_production.weight,50,256,50,16.5603,0.3312,2.5874,4.7006
mean_genus_s2.pt,mean,genus,2,0,head,heads.amr_phenotype.weight,30,256,30,15.868,0.5289,4.3414,3.0911
mean_genus_s2.pt,mean,genus,2,0,head,heads.biosafety_level.weight,4,256,4,2.7496,0.6874,1.6071,2.9423
mean_genus_s2.pt,mean,genus,2,0,head,heads.pathogenicity_human.weight,1,256,1,1.0,1.0,1.0,1.6484
mean_genus_s2.pt,mean,genus,2,0,head,heads.pathogenicity_animal.weight,1,256,1,1.0,1.0,1.0,1.6235
mean_genus_s2.pt,mean,genus,2,0,head,heads.isolation_source.weight,20,256,20,8.5434,0.4272,2.442,5.3161
mean_genus_s2.pt,mean,genus,2,0,head,heads.country.weight,100,256,100,14.6247,0.1462,2.1916,13.7078
mean_genus_s2.pt,mean,genus,2,0,head,heads.fatty_acid_profile.weight,30,256,30,24.7941,0.8265,12.0462,0.4984
mean_species_s0.pt,mean,species,0,0,encoder,encoder.0.weight,512,640,512,21.0157,0.041,5.5674,17.8807
mean_species_s0.pt,mean,species,0,0,encoder,encoder.3.weight,256,512,256,42.063,0.1643,7.33,6.9791
mean_species_s0.pt,mean,species,0,0,head,heads.gram_stain.weight,3,256,3,2.2553,0.7518,1.4506,1.666
mean_species_s0.pt,mean,species,0,0,head,heads.cell_shape.weight,7,256,7,5.898,0.8426,3.0797,1.8976
mean_species_s0.pt,mean,species,0,0,head,heads.motility.weight,1,256,1,1.0,1.0,1.0,1.2471
mean_species_s0.pt,mean,species,0,0,head,heads.sporulation.weight,1,256,1,1.0,1.0,1.0,1.5415
mean_species_s0.pt,mean,species,0,0,head,heads.pigmentation.weight,1,256,1,1.0,1.0,1.0,0.6594
mean_species_s0.pt,mean,species,0,0,head,heads.oxygen_tolerance.weight,6,256,6,3.9735,0.6622,1.8913,2.7188
mean_species_s0.pt,mean,species,0,0,head,heads.catalase.weight,1,256,1,1.0,1.0,1.0,1.2911
mean_species_s0.pt,mean,species,0,0,head,heads.cytochrome_oxidase.weight,1,256,1,1.0,1.0,1.0,1.2637
mean_species_s0.pt,mean,species,0,0,head,heads.halophily.weight,4,256,4,3.2313,0.8078,1.8279,1.3196
mean_species_s0.pt,mean,species,0,0,head,heads.temperature_class.weight,5,256,5,3.906,0.7812,2.1302,2.0301
mean_species_s0.pt,mean,species,0,0,head,heads.ph_class.weight,3,256,3,2.3164,0.7721,1.4675,1.1619
mean_species_s0.pt,mean,species,0,0,head,heads.cultivation_medium.weight,200,256,200,9.0703,0.0454,1.7745,24.1325
mean_species_s0.pt,mean,species,0,0,head,heads.carbon_utilization.weight,80,256,80,29.9036,0.3738,4.7816,4.035
mean_species_s0.pt,mean,species,0,0,head,heads.metabolite_production.weight,50,256,50,19.413,0.3883,2.9086,3.9655
mean_species_s0.pt,mean,species,0,0,head,heads.amr_phenotype.weight,30,256,30,17.0017,0.5667,4.1332,2.91
mean_species_s0.pt,mean,species,0,0,head,heads.biosafety_level.weight,4,256,4,2.9482,0.7371,1.7362,2.4775
mean_species_s0.pt,mean,species,0,0,head,heads.pathogenicity_human.weight,1,256,1,1.0,1.0,1.0,1.3542
mean_species_s0.pt,mean,species,0,0,head,heads.pathogenicity_animal.weight,1,256,1,1.0,1.0,1.0,1.5314
mean_species_s0.pt,mean,species,0,0,head,heads.isolation_source.weight,20,256,20,8.7539,0.4377,2.3591,4.894
mean_species_s0.pt,mean,species,0,0,head,heads.country.weight,100,256,100,14.7749,0.1477,2.2376,12.2633
mean_species_s0.pt,mean,species,0,0,head,heads.fatty_acid_profile.weight,30,256,30,25.087,0.8362,11.7765,0.5242
mean_species_s1.pt,mean,species,1,0,encoder,encoder.0.weight,512,640,512,21.4457,0.0419,5.4963,17.551
mean_species_s1.pt,mean,species,1,0,encoder,encoder.3.weight,256,512,256,42.4594,0.1659,6.7137,7.1248
mean_species_s1.pt,mean,species,1,0,head,heads.gram_stain.weight,3,256,3,2.2896,0.7632,1.5042,1.7163
mean_species_s1.pt,mean,species,1,0,head,heads.cell_shape.weight,7,256,7,5.6678,0.8097,2.8026,1.9533
mean_species_s1.pt,mean,species,1,0,head,heads.motility.weight,1,256,1,1.0,1.0,1.0,1.2266
mean_species_s1.pt,mean,species,1,0,head,heads.sporulation.weight,1,256,1,1.0,1.0,1.0,1.5611
mean_species_s1.pt,mean,species,1,0,head,heads.pigmentation.weight,1,256,1,1.0,1.0,1.0,0.6473
mean_species_s1.pt,mean,species,1,0,head,heads.oxygen_tolerance.weight,6,256,6,4.1447,0.6908,1.9532,2.5724
mean_species_s1.pt,mean,species,1,0,head,heads.catalase.weight,1,256,1,1.0,1.0,1.0,1.2649
mean_species_s1.pt,mean,species,1,0,head,heads.cytochrome_oxidase.weight,1,256,1,1.0,1.0,1.0,1.3364
mean_species_s1.pt,mean,species,1,0,head,heads.halophily.weight,4,256,4,3.182,0.7955,1.8112,1.3691
mean_species_s1.pt,mean,species,1,0,head,heads.temperature_class.weight,5,256,5,3.9234,0.7847,2.1648,2.0411
mean_species_s1.pt,mean,species,1,0,head,heads.ph_class.weight,3,256,3,2.3339,0.778,1.4707,1.1558
mean_species_s1.pt,mean,species,1,0,head,heads.cultivation_medium.weight,200,256,200,8.9136,0.0446,1.749,23.6707
mean_species_s1.pt,mean,species,1,0,head,heads.carbon_utilization.weight,80,256,80,30.1936,0.3774,5.103,3.9197
mean_species_s1.pt,mean,species,1,0,head,heads.metabolite_production.weight,50,256,50,19.0673,0.3813,2.9031,4.0068
mean_species_s1.pt,mean,species,1,0,head,heads.amr_phenotype.weight,30,256,30,17.118,0.5706,4.1037,2.8533
mean_species_s1.pt,mean,species,1,0,head,heads.biosafety_level.weight,4,256,4,3.0199,0.755,1.7655,2.3231
mean_species_s1.pt,mean,species,1,0,head,heads.pathogenicity_human.weight,1,256,1,1.0,1.0,1.0,1.2889
mean_species_s1.pt,mean,species,1,0,head,heads.pathogenicity_animal.weight,1,256,1,1.0,1.0,1.0,1.5881
mean_species_s1.pt,mean,species,1,0,head,heads.isolation_source.weight,20,256,20,9.3576,0.4679,2.6321,4.4201
mean_species_s1.pt,mean,species,1,0,head,heads.country.weight,100,256,100,15.9477,0.1595,2.3313,11.7052
mean_species_s1.pt,mean,species,1,0,head,heads.fatty_acid_profile.weight,30,256,30,25.5935,0.8531,13.9755,0.4742
mean_species_s2.pt,mean,species,2,0,encoder,encoder.0.weight,512,640,512,20.9959,0.041,5.4257,18.1385
mean_species_s2.pt,mean,species,2,0,encoder,encoder.3.weight,256,512,256,43.0046,0.168,7.1559,6.9932
mean_species_s2.pt,mean,species,2,0,head,heads.gram_stain.weight,3,256,3,2.2612,0.7537,1.4631,1.7106
mean_species_s2.pt,mean,species,2,0,head,heads.cell_shape.weight,7,256,7,5.8743,0.8392,2.9741,1.9
mean_species_s2.pt,mean,species,2,0,head,heads.motility.weight,1,256,1,1.0,1.0,1.0,1.1939
mean_species_s2.pt,mean,species,2,0,head,heads.sporulation.weight,1,256,1,1.0,1.0,1.0,1.5075
mean_species_s2.pt,mean,species,2,0,head,heads.pigmentation.weight,1,256,1,1.0,1.0,1.0,0.6694
mean_species_s2.pt,mean,species,2,0,head,heads.oxygen_tolerance.weight,6,256,6,4.0803,0.6801,1.961,2.5907
mean_species_s2.pt,mean,species,2,0,head,heads.catalase.weight,1,256,1,1.0,1.0,1.0,1.2794
mean_species_s2.pt,mean,species,2,0,head,heads.cytochrome_oxidase.weight,1,256,1,1.0,1.0,1.0,1.3607
mean_species_s2.pt,mean,species,2,0,head,heads.halophily.weight,4,256,4,3.247,0.8118,1.8443,1.3227
mean_species_s2.pt,mean,species,2,0,head,heads.temperature_class.weight,5,256,5,3.9065,0.7813,2.3198,2.0739
mean_species_s2.pt,mean,species,2,0,head,heads.ph_class.weight,3,256,3,2.4464,0.8155,1.5614,1.1003
mean_species_s2.pt,mean,species,2,0,head,heads.cultivation_medium.weight,200,256,200,8.7616,0.0438,1.7534,24.0506
mean_species_s2.pt,mean,species,2,0,head,heads.carbon_utilization.weight,80,256,80,29.9013,0.3738,5.0944,3.9596
mean_species_s2.pt,mean,species,2,0,head,heads.metabolite_production.weight,50,256,50,19.5336,0.3907,2.9328,3.8684
mean_species_s2.pt,mean,species,2,0,head,heads.amr_phenotype.weight,30,256,30,17.3254,0.5775,4.1545,2.8614
mean_species_s2.pt,mean,species,2,0,head,heads.biosafety_level.weight,4,256,4,2.9479,0.737,1.7413,2.3581
mean_species_s2.pt,mean,species,2,0,head,heads.pathogenicity_human.weight,1,256,1,1.0,1.0,1.0,1.2996
mean_species_s2.pt,mean,species,2,0,head,heads.pathogenicity_animal.weight,1,256,1,1.0,1.0,1.0,1.541
mean_species_s2.pt,mean,species,2,0,head,heads.isolation_source.weight,20,256,20,8.6461,0.4323,2.3277,4.8851
mean_species_s2.pt,mean,species,2,0,head,heads.country.weight,100,256,100,14.9072,0.1491,2.2721,12.0491
mean_species_s2.pt,mean,species,2,0,head,heads.fatty_acid_profile.weight,30,256,30,25.1634,0.8388,12.9172,0.503
set_transformer_family_s0_balancedfamilies.pt,set_transformer,family,0,1,pool,pool.isab.mab0.fc_q.weight,640,640,640,220.8167,0.345,7.6821,6.0949
set_transformer_family_s0_balancedfamilies.pt,set_transformer,family,0,1,pool,pool.isab.mab0.fc_k.weight,640,640,640,2.2948,0.0036,1.1386,68.1407
set_transformer_family_s0_balancedfamilies.pt,set_transformer,family,0,1,pool,pool.isab.mab0.fc_v.weight,640,640,640,38.9564,0.0609,6.067,11.7485
set_transformer_family_s0_balancedfamilies.pt,set_transformer,family,0,1,pool,pool.isab.mab0.fc_o.weight,640,640,640,62.6282,0.0979,5.0776,11.597
set_transformer_family_s0_balancedfamilies.pt,set_transformer,family,0,1,pool,pool.isab.mab1.fc_q.weight,640,640,640,37.7665,0.059,5.6215,12.3573
set_transformer_family_s0_balancedfamilies.pt,set_transformer,family,0,1,pool,pool.isab.mab1.fc_k.weight,640,640,640,44.296,0.0692,5.2333,13.9884
set_transformer_family_s0_balancedfamilies.pt,set_transformer,family,0,1,pool,pool.isab.mab1.fc_v.weight,640,640,640,101.5864,0.1587,10.6657,6.3685
set_transformer_family_s0_balancedfamilies.pt,set_transformer,family,0,1,pool,pool.isab.mab1.fc_o.weight,640,640,640,80.0499,0.1251,7.1889,8.5055
set_transformer_family_s0_balancedfamilies.pt,set_transformer,family,0,1,pool,pool.pma.mab.fc_q.weight,640,640,640,200.5864,0.3134,5.2148,7.1178
set_transformer_family_s0_balancedfamilies.pt,set_transformer,family,0,1,pool,pool.pma.mab.fc_k.weight,640,640,640,11.45,0.0179,1.5626,26.4023
set_transformer_family_s0_balancedfamilies.pt,set_transformer,family,0,1,pool,pool.pma.mab.fc_v.weight,640,640,640,114.0015,0.1781,12.4247,5.8858
set_transformer_family_s0_balancedfamilies.pt,set_transformer,family,0,1,pool,pool.pma.mab.fc_o.weight,640,640,640,61.9694,0.0968,6.0756,9.7935
set_transformer_family_s0_balancedfamilies.pt,set_transformer,family,0,1,encoder,encoder.0.weight,512,640,512,86.6103,0.1692,7.7406,8.4726
set_transformer_family_s0_balancedfamilies.pt,set_transformer,family,0,1,encoder,encoder.3.weight,256,512,256,101.1176,0.395,10.7135,5.2225
set_transformer_family_s0_balancedfamilies.pt,set_transformer,family,0,1,head,heads.gram_stain.weight,3,256,3,2.523,0.841,1.6917,1.3436
set_transformer_family_s0_balancedfamilies.pt,set_transformer,family,0,1,head,heads.cell_shape.weight,7,256,7,5.9874,0.8553,2.9295,1.7114
set_transformer_family_s0_balancedfamilies.pt,set_transformer,family,0,1,head,heads.motility.weight,1,256,1,1.0,1.0,1.0,1.1551
set_transformer_family_s0_balancedfamilies.pt,set_transformer,family,0,1,head,heads.sporulation.weight,1,256,1,1.0,1.0,1.0,1.478
set_transformer_family_s0_balancedfamilies.pt,set_transformer,family,0,1,head,heads.pigmentation.weight,1,256,1,1.0,1.0,1.0,1.0517
set_transformer_family_s0_balancedfamilies.pt,set_transformer,family,0,1,head,heads.oxygen_tolerance.weight,6,256,6,4.739,0.7898,2.3151,1.867
set_transformer_family_s0_balancedfamilies.pt,set_transformer,family,0,1,head,heads.catalase.weight,1,256,1,1.0,1.0,1.0,1.236
set_transformer_family_s0_balancedfamilies.pt,set_transformer,family,0,1,head,heads.cytochrome_oxidase.weight,1,256,1,1.0,1.0,1.0,1.1948
set_transformer_family_s0_balancedfamilies.pt,set_transformer,family,0,1,head,heads.halophily.weight,4,256,4,3.6282,0.907,2.4645,1.1857
set_transformer_family_s0_balancedfamilies.pt,set_transformer,family,0,1,head,heads.temperature_class.weight,5,256,5,4.3875,0.8775,2.7345,1.5075
set_transformer_family_s0_balancedfamilies.pt,set_transformer,family,0,1,head,heads.ph_class.weight,3,256,3,2.5832,0.8611,1.6976,1.1775
set_transformer_family_s0_balancedfamilies.pt,set_transformer,family,0,1,head,heads.cultivation_medium.weight,200,256,200,5.6918,0.0285,1.3771,23.0647
set_transformer_family_s0_balancedfamilies.pt,set_transformer,family,0,1,head,heads.carbon_utilization.weight,80,256,80,40.0748,0.5009,6.6415,3.6651
set_transformer_family_s0_balancedfamilies.pt,set_transformer,family,0,1,head,heads.metabolite_production.weight,50,256,50,28.6059,0.5721,4.2492,2.7013
set_transformer_family_s0_balancedfamilies.pt,set_transformer,family,0,1,head,heads.amr_phenotype.weight,30,256,30,20.4092,0.6803,5.779,2.4508
set_transformer_family_s0_balancedfamilies.pt,set_transformer,family,0,1,head,heads.biosafety_level.weight,4,256,4,2.6561,0.664,1.5086,2.1948
set_transformer_family_s0_balancedfamilies.pt,set_transformer,family,0,1,head,heads.pathogenicity_human.weight,1,256,1,1.0,1.0,1.0,1.1715
set_transformer_family_s0_balancedfamilies.pt,set_transformer,family,0,1,head,heads.pathogenicity_animal.weight,1,256,1,1.0,1.0,1.0,1.3146
set_transformer_family_s0_balancedfamilies.pt,set_transformer,family,0,1,head,heads.isolation_source.weight,20,256,20,8.445,0.4222,2.0939,4.2238
set_transformer_family_s0_balancedfamilies.pt,set_transformer,family,0,1,head,heads.country.weight,100,256,100,15.6233,0.1562,2.0042,11.6123
set_transformer_family_s0_balancedfamilies.pt,set_transformer,family,0,1,head,heads.fatty_acid_profile.weight,30,256,30,22.8851,0.7628,12.397,0.5297
set_transformer_family_s1.pt,set_transformer,family,1,0,pool,pool.isab.mab0.fc_q.weight,640,640,640,318.0456,0.4969,16.3877,3.7873
set_transformer_family_s1.pt,set_transformer,family,1,0,pool,pool.isab.mab0.fc_k.weight,640,640,640,1.9879,0.0031,1.1065,74.8403
set_transformer_family_s1.pt,set_transformer,family,1,0,pool,pool.isab.mab0.fc_v.weight,640,640,640,34.3925,0.0537,5.3157,12.801
set_transformer_family_s1.pt,set_transformer,family,1,0,pool,pool.isab.mab0.fc_o.weight,640,640,640,66.4242,0.1038,5.7525,10.7659
set_transformer_family_s1.pt,set_transformer,family,1,0,pool,pool.isab.mab1.fc_q.weight,640,640,640,39.634,0.0619,3.9608,13.1569
set_transformer_family_s1.pt,set_transformer,family,1,0,pool,pool.isab.mab1.fc_k.weight,640,640,640,187.193,0.2925,9.3228,5.9366
set_transformer_family_s1.pt,set_transformer,family,1,0,pool,pool.isab.mab1.fc_v.weight,640,640,640,116.3031,0.1817,9.4008,6.4897
set_transformer_family_s1.pt,set_transformer,family,1,0,pool,pool.isab.mab1.fc_o.weight,640,640,640,88.9074,0.1389,7.4632,8.0195
set_transformer_family_s1.pt,set_transformer,family,1,0,pool,pool.pma.mab.fc_q.weight,640,640,640,191.046,0.2985,4.9283,7.34
set_transformer_family_s1.pt,set_transformer,family,1,0,pool,pool.pma.mab.fc_k.weight,640,640,640,9.608,0.015,1.5255,27.1235
set_transformer_family_s1.pt,set_transformer,family,1,0,pool,pool.pma.mab.fc_v.weight,640,640,640,127.0725,0.1986,12.2737,5.6566
set_transformer_family_s1.pt,set_transformer,family,1,0,pool,pool.pma.mab.fc_o.weight,640,640,640,72.442,0.1132,6.407,8.9062
set_transformer_family_s1.pt,set_transformer,family,1,0,encoder,encoder.0.weight,512,640,512,124.4311,0.243,7.5242,6.851
set_transformer_family_s1.pt,set_transformer,family,1,0,encoder,encoder.3.weight,256,512,256,124.3103,0.4856,11.1492,4.0444
set_transformer_family_s1.pt,set_transformer,family,1,0,head,heads.gram_stain.weight,3,256,3,2.5946,0.8649,1.6965,1.3389
set_transformer_family_s1.pt,set_transformer,family,1,0,head,heads.cell_shape.weight,7,256,7,5.4676,0.7811,2.5856,1.7239
set_transformer_family_s1.pt,set_transformer,family,1,0,head,heads.motility.weight,1,256,1,1.0,1.0,1.0,0.9004
set_transformer_family_s1.pt,set_transformer,family,1,0,head,heads.sporulation.weight,1,256,1,1.0,1.0,1.0,1.249
set_transformer_family_s1.pt,set_transformer,family,1,0,head,heads.pigmentation.weight,1,256,1,1.0,1.0,1.0,0.5832
set_transformer_family_s1.pt,set_transformer,family,1,0,head,heads.oxygen_tolerance.weight,6,256,6,3.4498,0.575,1.6159,2.3376
set_transformer_family_s1.pt,set_transformer,family,1,0,head,heads.catalase.weight,1,256,1,1.0,1.0,1.0,0.8673
set_transformer_family_s1.pt,set_transformer,family,1,0,head,heads.cytochrome_oxidase.weight,1,256,1,1.0,1.0,1.0,0.9385
set_transformer_family_s1.pt,set_transformer,family,1,0,head,heads.halophily.weight,4,256,4,3.4122,0.8531,1.9739,1.0055
set_transformer_family_s1.pt,set_transformer,family,1,0,head,heads.temperature_class.weight,5,256,5,3.4087,0.6817,1.8334,2.025
set_transformer_family_s1.pt,set_transformer,family,1,0,head,heads.ph_class.weight,3,256,3,2.4635,0.8212,1.6033,0.9027
set_transformer_family_s1.pt,set_transformer,family,1,0,head,heads.cultivation_medium.weight,200,256,200,4.4411,0.0222,1.3088,25.1584
set_transformer_family_s1.pt,set_transformer,family,1,0,head,heads.carbon_utilization.weight,80,256,80,36.4272,0.4553,5.9851,2.8523
set_transformer_family_s1.pt,set_transformer,family,1,0,head,heads.metabolite_production.weight,50,256,50,22.429,0.4486,3.3348,3.4143
set_transformer_family_s1.pt,set_transformer,family,1,0,head,heads.amr_phenotype.weight,30,256,30,19.5942,0.6531,5.0265,2.3806
set_transformer_family_s1.pt,set_transformer,family,1,0,head,heads.biosafety_level.weight,4,256,4,2.4461,0.6115,1.4045,2.2651
set_transformer_family_s1.pt,set_transformer,family,1,0,head,heads.pathogenicity_human.weight,1,256,1,1.0,1.0,1.0,0.9749
set_transformer_family_s1.pt,set_transformer,family,1,0,head,heads.pathogenicity_animal.weight,1,256,1,1.0,1.0,1.0,0.9455
set_transformer_family_s1.pt,set_transformer,family,1,0,head,heads.isolation_source.weight,20,256,20,9.1359,0.4568,2.4091,3.9675
set_transformer_family_s1.pt,set_transformer,family,1,0,head,heads.country.weight,100,256,100,13.911,0.1391,1.9853,11.6652
set_transformer_family_s1.pt,set_transformer,family,1,0,head,heads.fatty_acid_profile.weight,30,256,30,24.1055,0.8035,12.3632,0.4261
set_transformer_family_s1_balancedfamilies.pt,set_transformer,family,1,1,pool,pool.isab.mab0.fc_q.weight,640,640,640,248.7991,0.3887,8.9806,5.4984
set_transformer_family_s1_balancedfamilies.pt,set_transformer,family,1,1,pool,pool.isab.mab0.fc_k.weight,640,640,640,1.8531,0.0029,1.086,75.0835
set_transformer_family_s1_balancedfamilies.pt,set_transformer,family,1,1,pool,pool.isab.mab0.fc_v.weight,640,640,640,39.4152,0.0616,6.0858,11.6286
set_transformer_family_s1_balancedfamilies.pt,set_transformer,family,1,1,pool,pool.isab.mab0.fc_o.weight,640,640,640,78.4364,0.1226,5.1506,10.6047
set_transformer_family_s1_balancedfamilies.pt,set_transformer,family,1,1,pool,pool.isab.mab1.fc_q.weight,640,640,640,42.3036,0.0661,6.1649,11.2806
set_transformer_family_s1_balancedfamilies.pt,set_transformer,family,1,1,pool,pool.isab.mab1.fc_k.weight,640,640,640,79.0709,0.1235,7.3805,9.2868
set_transformer_family_s1_balancedfamilies.pt,set_transformer,family,1,1,pool,pool.isab.mab1.fc_v.weight,640,640,640,93.5543,0.1462,10.8811,6.5308
set_transformer_family_s1_balancedfamilies.pt,set_transformer,family,1,1,pool,pool.isab.mab1.fc_o.weight,640,640,640,72.7776,0.1137,6.3833,9.3894
set_transformer_family_s1_balancedfamilies.pt,set_transformer,family,1,1,pool,pool.pma.mab.fc_q.weight,640,640,640,134.9109,0.2108,3.6372,8.9743
set_transformer_family_s1_balancedfamilies.pt,set_transformer,family,1,1,pool,pool.pma.mab.fc_k.weight,640,640,640,12.0312,0.0188,1.6087,25.8336
set_transformer_family_s1_balancedfamilies.pt,set_transformer,family,1,1,pool,pool.pma.mab.fc_v.weight,640,640,640,106.1309,0.1658,12.7658,6.0712
set_transformer_family_s1_balancedfamilies.pt,set_transformer,family,1,1,pool,pool.pma.mab.fc_o.weight,640,640,640,63.6149,0.0994,6.5851,9.6575
set_transformer_family_s1_balancedfamilies.pt,set_transformer,family,1,1,encoder,encoder.0.weight,512,640,512,89.432,0.1747,8.2085,8.3931
set_transformer_family_s1_balancedfamilies.pt,set_transformer,family,1,1,encoder,encoder.3.weight,256,512,256,102.4947,0.4004,11.1354,5.2517
set_transformer_family_s1_balancedfamilies.pt,set_transformer,family,1,1,head,heads.gram_stain.weight,3,256,3,2.5097,0.8366,1.6789,1.4294
set_transformer_family_s1_balancedfamilies.pt,set_transformer,family,1,1,head,heads.cell_shape.weight,7,256,7,6.1219,0.8746,3.1232,1.6095
set_transformer_family_s1_balancedfamilies.pt,set_transformer,family,1,1,head,heads.motility.weight,1,256,1,1.0,1.0,1.0,1.1889
set_transformer_family_s1_balancedfamilies.pt,set_transformer,family,1,1,head,heads.sporulation.weight,1,256,1,1.0,1.0,1.0,1.472
set_transformer_family_s1_balancedfamilies.pt,set_transformer,family,1,1,head,heads.pigmentation.weight,1,256,1,1.0,1.0,1.0,1.0631
set_transformer_family_s1_balancedfamilies.pt,set_transformer,family,1,1,head,heads.oxygen_tolerance.weight,6,256,6,4.4608,0.7435,2.0944,2.0619
set_transformer_family_s1_balancedfamilies.pt,set_transformer,family,1,1,head,heads.catalase.weight,1,256,1,1.0,1.0,1.0,1.2162
set_transformer_family_s1_balancedfamilies.pt,set_transformer,family,1,1,head,heads.cytochrome_oxidase.weight,1,256,1,1.0,1.0,1.0,1.2639
set_transformer_family_s1_balancedfamilies.pt,set_transformer,family,1,1,head,heads.halophily.weight,4,256,4,3.6028,0.9007,2.3777,1.2073
set_transformer_family_s1_balancedfamilies.pt,set_transformer,family,1,1,head,heads.temperature_class.weight,5,256,5,4.1407,0.8281,2.6117,1.6052
set_transformer_family_s1_balancedfamilies.pt,set_transformer,family,1,1,head,heads.ph_class.weight,3,256,3,2.6265,0.8755,1.8107,1.2076
set_transformer_family_s1_balancedfamilies.pt,set_transformer,family,1,1,head,heads.cultivation_medium.weight,200,256,200,5.8281,0.0291,1.3868,23.094
set_transformer_family_s1_balancedfamilies.pt,set_transformer,family,1,1,head,heads.carbon_utilization.weight,80,256,80,39.2361,0.4905,6.3288,3.8947
set_transformer_family_s1_balancedfamilies.pt,set_transformer,family,1,1,head,heads.metabolite_production.weight,50,256,50,28.6986,0.574,4.3626,2.695
set_transformer_family_s1_balancedfamilies.pt,set_transformer,family,1,1,head,heads.amr_phenotype.weight,30,256,30,20.3236,0.6775,5.5874,2.5944
set_transformer_family_s1_balancedfamilies.pt,set_transformer,family,1,1,head,heads.biosafety_level.weight,4,256,4,2.8725,0.7181,1.635,2.0513
set_transformer_family_s1_balancedfamilies.pt,set_transformer,family,1,1,head,heads.pathogenicity_human.weight,1,256,1,1.0,1.0,1.0,1.2651
set_transformer_family_s1_balancedfamilies.pt,set_transformer,family,1,1,head,heads.pathogenicity_animal.weight,1,256,1,1.0,1.0,1.0,1.3838
set_transformer_family_s1_balancedfamilies.pt,set_transformer,family,1,1,head,heads.isolation_source.weight,20,256,20,8.779,0.4389,2.1671,4.1392
set_transformer_family_s1_balancedfamilies.pt,set_transformer,family,1,1,head,heads.country.weight,100,256,100,16.9549,0.1695,2.092,11.3536
set_transformer_family_s1_balancedfamilies.pt,set_transformer,family,1,1,head,heads.fatty_acid_profile.weight,30,256,30,21.1727,0.7058,10.3115,0.5358
set_transformer_family_s2.pt,set_transformer,family,2,0,pool,pool.isab.mab0.fc_q.weight,640,640,640,69.5548,0.1087,2.5809,12.2156
set_transformer_family_s2.pt,set_transformer,family,2,0,pool,pool.isab.mab0.fc_k.weight,640,640,640,3.7955,0.0059,1.3372,59.234
set_transformer_family_s2.pt,set_transformer,family,2,0,pool,pool.isab.mab0.fc_v.weight,640,640,640,34.6675,0.0542,4.8396,13.396
set_transformer_family_s2.pt,set_transformer,family,2,0,pool,pool.isab.mab0.fc_o.weight,640,640,640,71.1199,0.1111,5.6789,10.6142
set_transformer_family_s2.pt,set_transformer,family,2,0,pool,pool.isab.mab1.fc_q.weight,640,640,640,38.4952,0.0601,5.0494,12.1317
set_transformer_family_s2.pt,set_transformer,family,2,0,pool,pool.isab.mab1.fc_k.weight,640,640,640,48.6701,0.076,5.7521,12.4541
set_transformer_family_s2.pt,set_transformer,family,2,0,pool,pool.isab.mab1.fc_v.weight,640,640,640,118.6892,0.1855,9.4694,6.3744
set_transformer_family_s2.pt,set_transformer,family,2,0,pool,pool.isab.mab1.fc_o.weight,640,640,640,83.4856,0.1304,6.972,8.374
set_transformer_family_s2.pt,set_transformer,family,2,0,pool,pool.pma.mab.fc_q.weight,640,640,640,114.5504,0.179,3.2527,9.725
set_transformer_family_s2.pt,set_transformer,family,2,0,pool,pool.pma.mab.fc_k.weight,640,640,640,6.7024,0.0105,1.3825,31.899
set_transformer_family_s2.pt,set_transformer,family,2,0,pool,pool.pma.mab.fc_v.weight,640,640,640,124.9314,0.1952,10.4451,6.0202
set_transformer_family_s2.pt,set_transformer,family,2,0,pool,pool.pma.mab.fc_o.weight,640,640,640,71.8434,0.1123,6.0376,9.0882
set_transformer_family_s2.pt,set_transformer,family,2,0,encoder,encoder.0.weight,512,640,512,126.3462,0.2468,7.0201,6.9187
set_transformer_family_s2.pt,set_transformer,family,2,0,encoder,encoder.3.weight,256,512,256,125.7255,0.4911,11.1834,3.947
set_transformer_family_s2.pt,set_transformer,family,2,0,head,heads.gram_stain.weight,3,256,3,2.4764,0.8255,1.6159,1.3319
set_transformer_family_s2.pt,set_transformer,family,2,0,head,heads.cell_shape.weight,7,256,7,5.2167,0.7452,2.3498,1.8284
set_transformer_family_s2.pt,set_transformer,family,2,0,head,heads.motility.weight,1,256,1,1.0,1.0,1.0,0.8935
set_transformer_family_s2.pt,set_transformer,family,2,0,head,heads.sporulation.weight,1,256,1,1.0,1.0,1.0,1.1522
set_transformer_family_s2.pt,set_transformer,family,2,0,head,heads.pigmentation.weight,1,256,1,1.0,1.0,1.0,0.5467
set_transformer_family_s2.pt,set_transformer,family,2,0,head,heads.oxygen_tolerance.weight,6,256,6,3.9715,0.6619,1.8861,2.0109
set_transformer_family_s2.pt,set_transformer,family,2,0,head,heads.catalase.weight,1,256,1,1.0,1.0,1.0,0.8495
set_transformer_family_s2.pt,set_transformer,family,2,0,head,heads.cytochrome_oxidase.weight,1,256,1,1.0,1.0,1.0,0.9762
set_transformer_family_s2.pt,set_transformer,family,2,0,head,heads.halophily.weight,4,256,4,3.6786,0.9197,2.3173,0.8582
set_transformer_family_s2.pt,set_transformer,family,2,0,head,heads.temperature_class.weight,5,256,5,3.6172,0.7234,1.938,1.8382
set_transformer_family_s2.pt,set_transformer,family,2,0,head,heads.ph_class.weight,3,256,3,2.462,0.8207,1.5969,0.9414
set_transformer_family_s2.pt,set_transformer,family,2,0,head,heads.cultivation_medium.weight,200,256,200,4.7285,0.0236,1.3195,23.4564
set_transformer_family_s2.pt,set_transformer,family,2,0,head,heads.carbon_utilization.weight,80,256,80,36.5422,0.4568,5.7981,2.8856
set_transformer_family_s2.pt,set_transformer,family,2,0,head,heads.metabolite_production.weight,50,256,50,22.0177,0.4404,3.2187,3.4353
set_transformer_family_s2.pt,set_transformer,family,2,0,head,heads.amr_phenotype.weight,30,256,30,18.9945,0.6331,4.8243,2.4416
set_transformer_family_s2.pt,set_transformer,family,2,0,head,heads.biosafety_level.weight,4,256,4,2.6567,0.6642,1.5196,2.0373
set_transformer_family_s2.pt,set_transformer,family,2,0,head,heads.pathogenicity_human.weight,1,256,1,1.0,1.0,1.0,0.8872
set_transformer_family_s2.pt,set_transformer,family,2,0,head,heads.pathogenicity_animal.weight,1,256,1,1.0,1.0,1.0,0.9824
set_transformer_family_s2.pt,set_transformer,family,2,0,head,heads.isolation_source.weight,20,256,20,9.3233,0.4662,2.4385,3.893
set_transformer_family_s2.pt,set_transformer,family,2,0,head,heads.country.weight,100,256,100,14.5917,0.1459,2.0334,11.5063
set_transformer_family_s2.pt,set_transformer,family,2,0,head,heads.fatty_acid_profile.weight,30,256,30,25.0444,0.8348,12.5046,0.4731
set_transformer_family_s2_balancedfamilies.pt,set_transformer,family,2,1,pool,pool.isab.mab0.fc_q.weight,640,640,640,358.7845,0.5606,54.8839,2.0325
set_transformer_family_s2_balancedfamilies.pt,set_transformer,family,2,1,pool,pool.isab.mab0.fc_k.weight,640,640,640,1.879,0.0029,1.087,72.2545
set_transformer_family_s2_balancedfamilies.pt,set_transformer,family,2,1,pool,pool.isab.mab0.fc_v.weight,640,640,640,40.627,0.0635,7.0979,10.8079
set_transformer_family_s2_balancedfamilies.pt,set_transformer,family,2,1,pool,pool.isab.mab0.fc_o.weight,640,640,640,67.0863,0.1048,5.0618,11.3247
set_transformer_family_s2_balancedfamilies.pt,set_transformer,family,2,1,pool,pool.isab.mab1.fc_q.weight,640,640,640,47.1684,0.0737,6.2462,10.4564
set_transformer_family_s2_balancedfamilies.pt,set_transformer,family,2,1,pool,pool.isab.mab1.fc_k.weight,640,640,640,133.9962,0.2094,7.3235,7.2915
set_transformer_family_s2_balancedfamilies.pt,set_transformer,family,2,1,pool,pool.isab.mab1.fc_v.weight,640,640,640,102.6246,0.1604,10.44,6.4621
set_transformer_family_s2_balancedfamilies.pt,set_transformer,family,2,1,pool,pool.isab.mab1.fc_o.weight,640,640,640,85.1214,0.133,9.0579,7.4732
set_transformer_family_s2_balancedfamilies.pt,set_transformer,family,2,1,pool,pool.pma.mab.fc_q.weight,640,640,640,170.1246,0.2658,4.3961,7.903
set_transformer_family_s2_balancedfamilies.pt,set_transformer,family,2,1,pool,pool.pma.mab.fc_k.weight,640,640,640,11.968,0.0187,1.6077,25.5538
set_transformer_family_s2_balancedfamilies.pt,set_transformer,family,2,1,pool,pool.pma.mab.fc_v.weight,640,640,640,116.5996,0.1822,11.5457,6.1405
set_transformer_family_s2_balancedfamilies.pt,set_transformer,family,2,1,pool,pool.pma.mab.fc_o.weight,640,640,640,73.239,0.1144,8.1528,8.2343
set_transformer_family_s2_balancedfamilies.pt,set_transformer,family,2,1,encoder,encoder.0.weight,512,640,512,89.3056,0.1744,8.4959,8.0172
set_transformer_family_s2_balancedfamilies.pt,set_transformer,family,2,1,encoder,encoder.3.weight,256,512,256,100.5917,0.3929,11.6381,5.0456
set_transformer_family_s2_balancedfamilies.pt,set_transformer,family,2,1,head,heads.gram_stain.weight,3,256,3,2.4685,0.8228,1.6572,1.4892
set_transformer_family_s2_balancedfamilies.pt,set_transformer,family,2,1,head,heads.cell_shape.weight,7,256,7,6.1375,0.8768,3.2883,1.5897
set_transformer_family_s2_balancedfamilies.pt,set_transformer,family,2,1,head,heads.motility.weight,1,256,1,1.0,1.0,1.0,1.0973
set_transformer_family_s2_balancedfamilies.pt,set_transformer,family,2,1,head,heads.sporulation.weight,1,256,1,1.0,1.0,1.0,1.515
set_transformer_family_s2_balancedfamilies.pt,set_transformer,family,2,1,head,heads.pigmentation.weight,1,256,1,1.0,1.0,1.0,1.1318
set_transformer_family_s2_balancedfamilies.pt,set_transformer,family,2,1,head,heads.oxygen_tolerance.weight,6,256,6,4.5857,0.7643,2.1803,2.0052
set_transformer_family_s2_balancedfamilies.pt,set_transformer,family,2,1,head,heads.catalase.weight,1,256,1,1.0,1.0,1.0,1.2739
set_transformer_family_s2_balancedfamilies.pt,set_transformer,family,2,1,head,heads.cytochrome_oxidase.weight,1,256,1,1.0,1.0,1.0,1.1717
set_transformer_family_s2_balancedfamilies.pt,set_transformer,family,2,1,head,heads.halophily.weight,4,256,4,3.6802,0.9201,2.5315,1.1885
set_transformer_family_s2_balancedfamilies.pt,set_transformer,family,2,1,head,heads.temperature_class.weight,5,256,5,4.0205,0.8041,2.3773,1.7062
set_transformer_family_s2_balancedfamilies.pt,set_transformer,family,2,1,head,heads.ph_class.weight,3,256,3,2.5675,0.8558,1.6758,1.2175
set_transformer_family_s2_balancedfamilies.pt,set_transformer,family,2,1,head,heads.cultivation_medium.weight,200,256,200,5.7446,0.0287,1.3794,23.4357
set_transformer_family_s2_balancedfamilies.pt,set_transformer,family,2,1,head,heads.carbon_utilization.weight,80,256,80,38.0096,0.4751,5.6834,4.1196
set_transformer_family_s2_balancedfamilies.pt,set_transformer,family,2,1,head,heads.metabolite_production.weight,50,256,50,28.9443,0.5789,4.3733,2.7113
set_transformer_family_s2_balancedfamilies.pt,set_transformer,family,2,1,head,heads.amr_phenotype.weight,30,256,30,20.4979,0.6833,5.7752,2.5262
set_transformer_family_s2_balancedfamilies.pt,set_transformer,family,2,1,head,heads.biosafety_level.weight,4,256,4,2.6463,0.6616,1.5225,2.07
set_transformer_family_s2_balancedfamilies.pt,set_transformer,family,2,1,head,heads.pathogenicity_human.weight,1,256,1,1.0,1.0,1.0,1.3079
set_transformer_family_s2_balancedfamilies.pt,set_transformer,family,2,1,head,heads.pathogenicity_animal.weight,1,256,1,1.0,1.0,1.0,1.3152
set_transformer_family_s2_balancedfamilies.pt,set_transformer,family,2,1,head,heads.isolation_source.weight,20,256,20,8.7191,0.436,2.1829,4.2213
set_transformer_family_s2_balancedfamilies.pt,set_transformer,family,2,1,head,heads.country.weight,100,256,100,16.7117,0.1671,2.0743,11.5699
set_transformer_family_s2_balancedfamilies.pt,set_transformer,family,2,1,head,heads.fatty_acid_profile.weight,30,256,30,20.7887,0.693,10.8394,0.5252
set_transformer_genus_s0.pt,set_transformer,genus,0,0,pool,pool.isab.mab0.fc_q.weight,640,640,640,294.285,0.4598,11.9326,4.5292
set_transformer_genus_s0.pt,set_transformer,genus,0,0,pool,pool.isab.mab0.fc_k.weight,640,640,640,2.0071,0.0031,1.1083,71.5619
set_transformer_genus_s0.pt,set_transformer,genus,0,0,pool,pool.isab.mab0.fc_v.weight,640,640,640,37.8696,0.0592,5.791,12.3358
set_transformer_genus_s0.pt,set_transformer,genus,0,0,pool,pool.isab.mab0.fc_o.weight,640,640,640,76.5402,0.1196,5.0665,10.8235
set_transformer_genus_s0.pt,set_transformer,genus,0,0,pool,pool.isab.mab1.fc_q.weight,640,640,640,44.7943,0.07,5.7849,11.0946
set_transformer_genus_s0.pt,set_transformer,genus,0,0,pool,pool.isab.mab1.fc_k.weight,640,640,640,67.4769,0.1054,6.5479,9.4241
set_transformer_genus_s0.pt,set_transformer,genus,0,0,pool,pool.isab.mab1.fc_v.weight,640,640,640,110.6975,0.173,11.2524,6.0942
set_transformer_genus_s0.pt,set_transformer,genus,0,0,pool,pool.isab.mab1.fc_o.weight,640,640,640,84.1599,0.1315,5.7137,9.3186
set_transformer_genus_s0.pt,set_transformer,genus,0,0,pool,pool.pma.mab.fc_q.weight,640,640,640,187.4231,0.2928,4.8267,7.44
set_transformer_genus_s0.pt,set_transformer,genus,0,0,pool,pool.pma.mab.fc_k.weight,640,640,640,6.6346,0.0104,1.3438,31.1617
set_transformer_genus_s0.pt,set_transformer,genus,0,0,pool,pool.pma.mab.fc_v.weight,640,640,640,122.6456,0.1916,13.2112,5.579
set_transformer_genus_s0.pt,set_transformer,genus,0,0,pool,pool.pma.mab.fc_o.weight,640,640,640,76.0441,0.1188,6.6187,8.8952
set_transformer_genus_s0.pt,set_transformer,genus,0,0,encoder,encoder.0.weight,512,640,512,118.9034,0.2322,8.7708,6.685
set_transformer_genus_s0.pt,set_transformer,genus,0,0,encoder,encoder.3.weight,256,512,256,121.9901,0.4765,11.9691,4.0706
set_transformer_genus_s0.pt,set_transformer,genus,0,0,head,heads.gram_stain.weight,3,256,3,2.5878,0.8626,1.8535,1.2991
set_transformer_genus_s0.pt,set_transformer,genus,0,0,head,heads.cell_shape.weight,7,256,7,5.633,0.8047,2.7772,1.6225
set_transformer_genus_s0.pt,set_transformer,genus,0,0,head,heads.motility.weight,1,256,1,1.0,1.0,1.0,0.8694
set_transformer_genus_s0.pt,set_transformer,genus,0,0,head,heads.sporulation.weight,1,256,1,1.0,1.0,1.0,1.2508
set_transformer_genus_s0.pt,set_transformer,genus,0,0,head,heads.pigmentation.weight,1,256,1,1.0,1.0,1.0,0.5381
set_transformer_genus_s0.pt,set_transformer,genus,0,0,head,heads.oxygen_tolerance.weight,6,256,6,4.1994,0.6999,1.9452,1.8875
set_transformer_genus_s0.pt,set_transformer,genus,0,0,head,heads.catalase.weight,1,256,1,1.0,1.0,1.0,0.8991
set_transformer_genus_s0.pt,set_transformer,genus,0,0,head,heads.cytochrome_oxidase.weight,1,256,1,1.0,1.0,1.0,0.9865
set_transformer_genus_s0.pt,set_transformer,genus,0,0,head,heads.halophily.weight,4,256,4,3.5656,0.8914,2.2216,0.9119
set_transformer_genus_s0.pt,set_transformer,genus,0,0,head,heads.temperature_class.weight,5,256,5,3.9294,0.7859,2.3847,1.7093
set_transformer_genus_s0.pt,set_transformer,genus,0,0,head,heads.ph_class.weight,3,256,3,2.4501,0.8167,1.5974,0.9519
set_transformer_genus_s0.pt,set_transformer,genus,0,0,head,heads.cultivation_medium.weight,200,256,200,5.6717,0.0284,1.383,22.9058
set_transformer_genus_s0.pt,set_transformer,genus,0,0,head,heads.carbon_utilization.weight,80,256,80,35.2068,0.4401,5.82,3.0001
set_transformer_genus_s0.pt,set_transformer,genus,0,0,head,heads.metabolite_production.weight,50,256,50,27.2584,0.5452,4.0439,2.9213
set_transformer_genus_s0.pt,set_transformer,genus,0,0,head,heads.amr_phenotype.weight,30,256,30,18.9032,0.6301,5.0204,2.4162
set_transformer_genus_s0.pt,set_transformer,genus,0,0,head,heads.biosafety_level.weight,4,256,4,2.6445,0.6611,1.5287,2.0977
set_transformer_genus_s0.pt,set_transformer,genus,0,0,head,heads.pathogenicity_human.weight,1,256,1,1.0,1.0,1.0,0.9456
set_transformer_genus_s0.pt,set_transformer,genus,0,0,head,heads.pathogenicity_animal.weight,1,256,1,1.0,1.0,1.0,0.9626
set_transformer_genus_s0.pt,set_transformer,genus,0,0,head,heads.isolation_source.weight,20,256,20,8.371,0.4185,2.1782,4.3706
set_transformer_genus_s0.pt,set_transformer,genus,0,0,head,heads.country.weight,100,256,100,15.4792,0.1548,2.0691,11.48
set_transformer_genus_s0.pt,set_transformer,genus,0,0,head,heads.fatty_acid_profile.weight,30,256,30,23.73,0.791,10.4496,0.4695
set_transformer_genus_s1.pt,set_transformer,genus,1,0,pool,pool.isab.mab0.fc_q.weight,640,640,640,353.2172,0.5519,33.6085,2.5954
set_transformer_genus_s1.pt,set_transformer,genus,1,0,pool,pool.isab.mab0.fc_k.weight,640,640,640,1.935,0.003,1.0984,74.6428
set_transformer_genus_s1.pt,set_transformer,genus,1,0,pool,pool.isab.mab0.fc_v.weight,640,640,640,36.964,0.0578,5.8387,12.1273
set_transformer_genus_s1.pt,set_transformer,genus,1,0,pool,pool.isab.mab0.fc_o.weight,640,640,640,83.3829,0.1303,5.4641,10.0368
set_transformer_genus_s1.pt,set_transformer,genus,1,0,pool,pool.isab.mab1.fc_q.weight,640,640,640,48.9177,0.0764,5.5584,10.825
set_transformer_genus_s1.pt,set_transformer,genus,1,0,pool,pool.isab.mab1.fc_k.weight,640,640,640,113.987,0.1781,5.8536,8.3147
set_transformer_genus_s1.pt,set_transformer,genus,1,0,pool,pool.isab.mab1.fc_v.weight,640,640,640,116.6393,0.1822,11.1742,5.9872
set_transformer_genus_s1.pt,set_transformer,genus,1,0,pool,pool.isab.mab1.fc_o.weight,640,640,640,85.9683,0.1343,5.1837,9.6231
set_transformer_genus_s1.pt,set_transformer,genus,1,0,pool,pool.pma.mab.fc_q.weight,640,640,640,205.3752,0.3209,5.3491,6.966
set_transformer_genus_s1.pt,set_transformer,genus,1,0,pool,pool.pma.mab.fc_k.weight,640,640,640,8.2503,0.0129,1.4039,28.079
set_transformer_genus_s1.pt,set_transformer,genus,1,0,pool,pool.pma.mab.fc_v.weight,640,640,640,127.6006,0.1994,12.7956,5.5512
set_transformer_genus_s1.pt,set_transformer,genus,1,0,pool,pool.pma.mab.fc_o.weight,640,640,640,77.7486,0.1215,6.9334,8.4996
set_transformer_genus_s1.pt,set_transformer,genus,1,0,encoder,encoder.0.weight,512,640,512,118.4575,0.2314,7.974,6.8643
set_transformer_genus_s1.pt,set_transformer,genus,1,0,encoder,encoder.3.weight,256,512,256,122.1448,0.4771,11.5055,4.1038
set_transformer_genus_s1.pt,set_transformer,genus,1,0,head,heads.gram_stain.weight,3,256,3,2.645,0.8817,1.882,1.3046
set_transformer_genus_s1.pt,set_transformer,genus,1,0,head,heads.cell_shape.weight,7,256,7,5.5767,0.7967,2.7846,1.6605
set_transformer_genus_s1.pt,set_transformer,genus,1,0,head,heads.motility.weight,1,256,1,1.0,1.0,1.0,0.8484
set_transformer_genus_s1.pt,set_transformer,genus,1,0,head,heads.sporulation.weight,1,256,1,1.0,1.0,1.0,1.263
set_transformer_genus_s1.pt,set_transformer,genus,1,0,head,heads.pigmentation.weight,1,256,1,1.0,1.0,1.0,0.5568
set_transformer_genus_s1.pt,set_transformer,genus,1,0,head,heads.oxygen_tolerance.weight,6,256,6,4.1613,0.6936,1.9246,1.8934
set_transformer_genus_s1.pt,set_transformer,genus,1,0,head,heads.catalase.weight,1,256,1,1.0,1.0,1.0,0.836
set_transformer_genus_s1.pt,set_transformer,genus,1,0,head,heads.cytochrome_oxidase.weight,1,256,1,1.0,1.0,1.0,1.0267
set_transformer_genus_s1.pt,set_transformer,genus,1,0,head,heads.halophily.weight,4,256,4,3.5067,0.8767,2.0976,0.9184
set_transformer_genus_s1.pt,set_transformer,genus,1,0,head,heads.temperature_class.weight,5,256,5,3.8006,0.7601,2.113,1.6834
set_transformer_genus_s1.pt,set_transformer,genus,1,0,head,heads.ph_class.weight,3,256,3,2.5368,0.8456,1.6581,0.9137
set_transformer_genus_s1.pt,set_transformer,genus,1,0,head,heads.cultivation_medium.weight,200,256,200,5.4128,0.0271,1.3699,23.2457
set_transformer_genus_s1.pt,set_transformer,genus,1,0,head,heads.carbon_utilization.weight,80,256,80,37.2875,0.4661,5.9866,2.8559
set_transformer_genus_s1.pt,set_transformer,genus,1,0,head,heads.metabolite_production.weight,50,256,50,25.7406,0.5148,3.7908,3.1027
set_transformer_genus_s1.pt,set_transformer,genus,1,0,head,heads.amr_phenotype.weight,30,256,30,20.0391,0.668,5.572,2.2536
set_transformer_genus_s1.pt,set_transformer,genus,1,0,head,heads.biosafety_level.weight,4,256,4,2.541,0.6352,1.4439,2.1313
set_transformer_genus_s1.pt,set_transformer,genus,1,0,head,heads.pathogenicity_human.weight,1,256,1,1.0,1.0,1.0,0.9988
set_transformer_genus_s1.pt,set_transformer,genus,1,0,head,heads.pathogenicity_animal.weight,1,256,1,1.0,1.0,1.0,1.0039
set_transformer_genus_s1.pt,set_transformer,genus,1,0,head,heads.isolation_source.weight,20,256,20,8.4859,0.4243,2.1847,4.1454
set_transformer_genus_s1.pt,set_transformer,genus,1,0,head,heads.country.weight,100,256,100,16.4808,0.1648,2.1478,10.9999
set_transformer_genus_s1.pt,set_transformer,genus,1,0,head,heads.fatty_acid_profile.weight,30,256,30,23.2234,0.7741,10.3676,0.4518
set_transformer_genus_s2.pt,set_transformer,genus,2,0,pool,pool.isab.mab0.fc_q.weight,640,640,640,325.097,0.508,16.6787,3.7448
set_transformer_genus_s2.pt,set_transformer,genus,2,0,pool,pool.isab.mab0.fc_k.weight,640,640,640,1.9098,0.003,1.0906,72.2635
set_transformer_genus_s2.pt,set_transformer,genus,2,0,pool,pool.isab.mab0.fc_v.weight,640,640,640,38.3316,0.0599,5.7069,12.1997
set_transformer_genus_s2.pt,set_transformer,genus,2,0,pool,pool.isab.mab0.fc_o.weight,640,640,640,77.5041,0.1211,5.4243,10.3843
set_transformer_genus_s2.pt,set_transformer,genus,2,0,pool,pool.isab.mab1.fc_q.weight,640,640,640,48.3501,0.0755,5.5931,10.9366
set_transformer_genus_s2.pt,set_transformer,genus,2,0,pool,pool.isab.mab1.fc_k.weight,640,640,640,54.68,0.0854,5.9147,10.5659
set_transformer_genus_s2.pt,set_transformer,genus,2,0,pool,pool.isab.mab1.fc_v.weight,640,640,640,118.1381,0.1846,12.344,5.7297
set_transformer_genus_s2.pt,set_transformer,genus,2,0,pool,pool.isab.mab1.fc_o.weight,640,640,640,91.5641,0.1431,6.2925,8.6889
set_transformer_genus_s2.pt,set_transformer,genus,2,0,pool,pool.pma.mab.fc_q.weight,640,640,640,185.8876,0.2904,4.7894,7.4699
set_transformer_genus_s2.pt,set_transformer,genus,2,0,pool,pool.pma.mab.fc_k.weight,640,640,640,10.1983,0.0159,1.4936,26.2333
set_transformer_genus_s2.pt,set_transformer,genus,2,0,pool,pool.pma.mab.fc_v.weight,640,640,640,132.5047,0.207,14.1148,5.2766
set_transformer_genus_s2.pt,set_transformer,genus,2,0,pool,pool.pma.mab.fc_o.weight,640,640,640,78.4586,0.1226,7.185,8.4173
set_transformer_genus_s2.pt,set_transformer,genus,2,0,encoder,encoder.0.weight,512,640,512,117.9203,0.2303,8.1048,6.8685
set_transformer_genus_s2.pt,set_transformer,genus,2,0,encoder,encoder.3.weight,256,512,256,122.0316,0.4767,12.1134,4.002
set_transformer_genus_s2.pt,set_transformer,genus,2,0,head,heads.gram_stain.weight,3,256,3,2.6286,0.8762,1.8469,1.3219
set_transformer_genus_s2.pt,set_transformer,genus,2,0,head,heads.cell_shape.weight,7,256,7,5.7425,0.8204,2.8927,1.6719
set_transformer_genus_s2.pt,set_transformer,genus,2,0,head,heads.motility.weight,1,256,1,1.0,1.0,1.0,0.8621
set_transformer_genus_s2.pt,set_transformer,genus,2,0,head,heads.sporulation.weight,1,256,1,1.0,1.0,1.0,1.2659
set_transformer_genus_s2.pt,set_transformer,genus,2,0,head,heads.pigmentation.weight,1,256,1,1.0,1.0,1.0,0.5688
set_transformer_genus_s2.pt,set_transformer,genus,2,0,head,heads.oxygen_tolerance.weight,6,256,6,4.0728,0.6788,1.8873,1.9537
set_transformer_genus_s2.pt,set_transformer,genus,2,0,head,heads.catalase.weight,1,256,1,1.0,1.0,1.0,0.8913
set_transformer_genus_s2.pt,set_transformer,genus,2,0,head,heads.cytochrome_oxidase.weight,1,256,1,1.0,1.0,1.0,1.0652
set_transformer_genus_s2.pt,set_transformer,genus,2,0,head,heads.halophily.weight,4,256,4,3.608,0.902,2.253,0.9042
set_transformer_genus_s2.pt,set_transformer,genus,2,0,head,heads.temperature_class.weight,5,256,5,3.9702,0.794,2.2392,1.6101
set_transformer_genus_s2.pt,set_transformer,genus,2,0,head,heads.ph_class.weight,3,256,3,2.4547,0.8182,1.6018,0.9576
set_transformer_genus_s2.pt,set_transformer,genus,2,0,head,heads.cultivation_medium.weight,200,256,200,5.6332,0.0282,1.3785,22.6581
set_transformer_genus_s2.pt,set_transformer,genus,2,0,head,heads.carbon_utilization.weight,80,256,80,35.7288,0.4466,5.8989,3.0103
set_transformer_genus_s2.pt,set_transformer,genus,2,0,head,heads.metabolite_production.weight,50,256,50,27.1787,0.5436,4.065,2.9118
set_transformer_genus_s2.pt,set_transformer,genus,2,0,head,heads.amr_phenotype.weight,30,256,30,19.0149,0.6338,4.9875,2.4515
set_transformer_genus_s2.pt,set_transformer,genus,2,0,head,heads.biosafety_level.weight,4,256,4,2.6502,0.6625,1.5269,2.0396
set_transformer_genus_s2.pt,set_transformer,genus,2,0,head,heads.pathogenicity_human.weight,1,256,1,1.0,1.0,1.0,0.9186
set_transformer_genus_s2.pt,set_transformer,genus,2,0,head,heads.pathogenicity_animal.weight,1,256,1,1.0,1.0,1.0,0.9134
set_transformer_genus_s2.pt,set_transformer,genus,2,0,head,heads.isolation_source.weight,20,256,20,9.1231,0.4562,2.3594,3.8918
set_transformer_genus_s2.pt,set_transformer,genus,2,0,head,heads.country.weight,100,256,100,17.3151,0.1732,2.1945,10.8407
set_transformer_genus_s2.pt,set_transformer,genus,2,0,head,heads.fatty_acid_profile.weight,30,256,30,23.3001,0.7767,10.7477,0.4432
set_transformer_species_s0.pt,set_transformer,species,0,0,pool,pool.isab.mab0.fc_q.weight,640,640,640,262.0468,0.4094,8.7377,5.3945
set_transformer_species_s0.pt,set_transformer,species,0,0,pool,pool.isab.mab0.fc_k.weight,640,640,640,2.29,0.0036,1.1475,66.8073
set_transformer_species_s0.pt,set_transformer,species,0,0,pool,pool.isab.mab0.fc_v.weight,640,640,640,39.795,0.0622,4.9959,12.6218
set_transformer_species_s0.pt,set_transformer,species,0,0,pool,pool.isab.mab0.fc_o.weight,640,640,640,82.8818,0.1295,5.3743,10.2211
set_transformer_species_s0.pt,set_transformer,species,0,0,pool,pool.isab.mab1.fc_q.weight,640,640,640,47.7866,0.0747,4.3396,11.9172
set_transformer_species_s0.pt,set_transformer,species,0,0,pool,pool.isab.mab1.fc_k.weight,640,640,640,60.5666,0.0946,6.1865,9.799
set_transformer_species_s0.pt,set_transformer,species,0,0,pool,pool.isab.mab1.fc_v.weight,640,640,640,123.9077,0.1936,10.0117,6.1379
set_transformer_species_s0.pt,set_transformer,species,0,0,pool,pool.isab.mab1.fc_o.weight,640,640,640,101.0635,0.1579,7.2855,7.7481
set_transformer_species_s0.pt,set_transformer,species,0,0,pool,pool.pma.mab.fc_q.weight,640,640,640,170.5425,0.2665,4.3941,7.9054
set_transformer_species_s0.pt,set_transformer,species,0,0,pool,pool.pma.mab.fc_k.weight,640,640,640,8.9699,0.014,1.4312,27.2975
set_transformer_species_s0.pt,set_transformer,species,0,0,pool,pool.pma.mab.fc_v.weight,640,640,640,141.9695,0.2218,12.8878,5.3244
set_transformer_species_s0.pt,set_transformer,species,0,0,pool,pool.pma.mab.fc_o.weight,640,640,640,84.3257,0.1318,6.4116,8.4951
set_transformer_species_s0.pt,set_transformer,species,0,0,encoder,encoder.0.weight,512,640,512,135.5671,0.2648,8.7443,6.131
set_transformer_species_s0.pt,set_transformer,species,0,0,encoder,encoder.3.weight,256,512,256,128.8453,0.5033,12.9871,3.6061
set_transformer_species_s0.pt,set_transformer,species,0,0,head,heads.gram_stain.weight,3,256,3,2.5386,0.8462,1.7881,1.3442
set_transformer_species_s0.pt,set_transformer,species,0,0,head,heads.cell_shape.weight,7,256,7,5.6647,0.8092,2.779,1.5465
set_transformer_species_s0.pt,set_transformer,species,0,0,head,heads.motility.weight,1,256,1,1.0,1.0,1.0,0.7741
set_transformer_species_s0.pt,set_transformer,species,0,0,head,heads.sporulation.weight,1,256,1,1.0,1.0,1.0,1.0818
set_transformer_species_s0.pt,set_transformer,species,0,0,head,heads.pigmentation.weight,1,256,1,1.0,1.0,1.0,0.5522
set_transformer_species_s0.pt,set_transformer,species,0,0,head,heads.oxygen_tolerance.weight,6,256,6,4.0382,0.673,1.8894,1.9759
set_transformer_species_s0.pt,set_transformer,species,0,0,head,heads.catalase.weight,1,256,1,1.0,1.0,1.0,0.7796
set_transformer_species_s0.pt,set_transformer,species,0,0,head,heads.cytochrome_oxidase.weight,1,256,1,1.0,1.0,1.0,0.9908
set_transformer_species_s0.pt,set_transformer,species,0,0,head,heads.halophily.weight,4,256,4,3.5425,0.8856,2.1839,0.901
set_transformer_species_s0.pt,set_transformer,species,0,0,head,heads.temperature_class.weight,5,256,5,4.2008,0.8402,2.4913,1.4539
set_transformer_species_s0.pt,set_transformer,species,0,0,head,heads.ph_class.weight,3,256,3,2.569,0.8563,1.7093,0.8764
set_transformer_species_s0.pt,set_transformer,species,0,0,head,heads.cultivation_medium.weight,200,256,200,6.4088,0.032,1.4361,20.725
set_transformer_species_s0.pt,set_transformer,species,0,0,head,heads.carbon_utilization.weight,80,256,80,38.4456,0.4806,6.105,2.7241
set_transformer_species_s0.pt,set_transformer,species,0,0,head,heads.metabolite_production.weight,50,256,50,29.3941,0.5879,4.5429,2.6461
set_transformer_species_s0.pt,set_transformer,species,0,0,head,heads.amr_phenotype.weight,30,256,30,21.1384,0.7046,5.9581,2.0789
set_transformer_species_s0.pt,set_transformer,species,0,0,head,heads.biosafety_level.weight,4,256,4,2.7694,0.6923,1.5882,1.9218
set_transformer_species_s0.pt,set_transformer,species,0,0,head,heads.pathogenicity_human.weight,1,256,1,1.0,1.0,1.0,0.7401
set_transformer_species_s0.pt,set_transformer,species,0,0,head,heads.pathogenicity_animal.weight,1,256,1,1.0,1.0,1.0,0.9545
set_transformer_species_s0.pt,set_transformer,species,0,0,head,heads.isolation_source.weight,20,256,20,9.0868,0.4543,2.3009,3.7328
set_transformer_species_s0.pt,set_transformer,species,0,0,head,heads.country.weight,100,256,100,14.74,0.1474,2.0352,11.03
set_transformer_species_s0.pt,set_transformer,species,0,0,head,heads.fatty_acid_profile.weight,30,256,30,24.3874,0.8129,12.1715,0.457
set_transformer_species_s1.pt,set_transformer,species,1,0,pool,pool.isab.mab0.fc_q.weight,640,640,640,273.0893,0.4267,9.4976,5.1403
set_transformer_species_s1.pt,set_transformer,species,1,0,pool,pool.isab.mab0.fc_k.weight,640,640,640,1.9186,0.003,1.0923,71.1759
set_transformer_species_s1.pt,set_transformer,species,1,0,pool,pool.isab.mab0.fc_v.weight,640,640,640,40.5264,0.0633,5.3196,12.0081
set_transformer_species_s1.pt,set_transformer,species,1,0,pool,pool.isab.mab0.fc_o.weight,640,640,640,87.6775,0.137,5.3672,9.8636
set_transformer_species_s1.pt,set_transformer,species,1,0,pool,pool.isab.mab1.fc_q.weight,640,640,640,38.6893,0.0605,4.3626,13.1773
set_transformer_species_s1.pt,set_transformer,species,1,0,pool,pool.isab.mab1.fc_k.weight,640,640,640,63.5819,0.0993,5.8845,10.4723
set_transformer_species_s1.pt,set_transformer,species,1,0,pool,pool.isab.mab1.fc_v.weight,640,640,640,139.5273,0.218,12.5834,5.3895
set_transformer_species_s1.pt,set_transformer,species,1,0,pool,pool.isab.mab1.fc_o.weight,640,640,640,104.2042,0.1628,7.8753,7.5068
set_transformer_species_s1.pt,set_transformer,species,1,0,pool,pool.pma.mab.fc_q.weight,640,640,640,151.7226,0.2371,3.9757,8.438
set_transformer_species_s1.pt,set_transformer,species,1,0,pool,pool.pma.mab.fc_k.weight,640,640,640,6.174,0.0096,1.3204,32.1444
set_transformer_species_s1.pt,set_transformer,species,1,0,pool,pool.pma.mab.fc_v.weight,640,640,640,149.2231,0.2332,14.0657,5.0758
set_transformer_species_s1.pt,set_transformer,species,1,0,pool,pool.pma.mab.fc_o.weight,640,640,640,93.9456,0.1468,7.281,7.846
set_transformer_species_s1.pt,set_transformer,species,1,0,encoder,encoder.0.weight,512,640,512,133.6851,0.2611,8.6736,6.2001
set_transformer_species_s1.pt,set_transformer,species,1,0,encoder,encoder.3.weight,256,512,256,128.6306,0.5025,12.9968,3.5987
set_transformer_species_s1.pt,set_transformer,species,1,0,head,heads.gram_stain.weight,3,256,3,2.507,0.8357,1.6281,1.292
set_transformer_species_s1.pt,set_transformer,species,1,0,head,heads.cell_shape.weight,7,256,7,5.6764,0.8109,2.6912,1.4268
set_transformer_species_s1.pt,set_transformer,species,1,0,head,heads.motility.weight,1,256,1,1.0,1.0,1.0,0.7496
set_transformer_species_s1.pt,set_transformer,species,1,0,head,heads.sporulation.weight,1,256,1,1.0,1.0,1.0,1.0692
set_transformer_species_s1.pt,set_transformer,species,1,0,head,heads.pigmentation.weight,1,256,1,1.0,1.0,1.0,0.5465
set_transformer_species_s1.pt,set_transformer,species,1,0,head,heads.oxygen_tolerance.weight,6,256,6,4.2631,0.7105,1.9937,1.7851
set_transformer_species_s1.pt,set_transformer,species,1,0,head,heads.catalase.weight,1,256,1,1.0,1.0,1.0,0.7646
set_transformer_species_s1.pt,set_transformer,species,1,0,head,heads.cytochrome_oxidase.weight,1,256,1,1.0,1.0,1.0,0.8958
set_transformer_species_s1.pt,set_transformer,species,1,0,head,heads.halophily.weight,4,256,4,3.6802,0.9201,2.3385,0.8551
set_transformer_species_s1.pt,set_transformer,species,1,0,head,heads.temperature_class.weight,5,256,5,4.0141,0.8028,2.2567,1.5026
set_transformer_species_s1.pt,set_transformer,species,1,0,head,heads.ph_class.weight,3,256,3,2.639,0.8797,1.7776,0.8076
set_transformer_species_s1.pt,set_transformer,species,1,0,head,heads.cultivation_medium.weight,200,256,200,6.6825,0.0334,1.448,19.5114
set_transformer_species_s1.pt,set_transformer,species,1,0,head,heads.carbon_utilization.weight,80,256,80,40.4772,0.506,6.5295,2.5287
set_transformer_species_s1.pt,set_transformer,species,1,0,head,heads.metabolite_production.weight,50,256,50,28.96,0.5792,4.3808,2.6519
set_transformer_species_s1.pt,set_transformer,species,1,0,head,heads.amr_phenotype.weight,30,256,30,21.3613,0.712,6.1359,1.998
set_transformer_species_s1.pt,set_transformer,species,1,0,head,heads.biosafety_level.weight,4,256,4,2.7014,0.6753,1.5161,1.8874
set_transformer_species_s1.pt,set_transformer,species,1,0,head,heads.pathogenicity_human.weight,1,256,1,1.0,1.0,1.0,0.7888
set_transformer_species_s1.pt,set_transformer,species,1,0,head,heads.pathogenicity_animal.weight,1,256,1,1.0,1.0,1.0,0.9916
set_transformer_species_s1.pt,set_transformer,species,1,0,head,heads.isolation_source.weight,20,256,20,9.3515,0.4676,2.3569,3.5886
set_transformer_species_s1.pt,set_transformer,species,1,0,head,heads.country.weight,100,256,100,15.6127,0.1561,2.0866,10.1429
set_transformer_species_s1.pt,set_transformer,species,1,0,head,heads.fatty_acid_profile.weight,30,256,30,24.7223,0.8241,12.451,0.4645
set_transformer_species_s2.pt,set_transformer,species,2,0,pool,pool.isab.mab0.fc_q.weight,640,640,640,235.6721,0.3682,6.8895,6.1623
set_transformer_species_s2.pt,set_transformer,species,2,0,pool,pool.isab.mab0.fc_k.weight,640,640,640,2.0087,0.0031,1.1028,69.7011
set_transformer_species_s2.pt,set_transformer,species,2,0,pool,pool.isab.mab0.fc_v.weight,640,640,640,42.5841,0.0665,5.933,11.3889
set_transformer_species_s2.pt,set_transformer,species,2,0,pool,pool.isab.mab0.fc_o.weight,640,640,640,89.2321,0.1394,5.8019,9.5749
set_transformer_species_s2.pt,set_transformer,species,2,0,pool,pool.isab.mab1.fc_q.weight,640,640,640,55.1602,0.0862,5.6692,10.4515
set_transformer_species_s2.pt,set_transformer,species,2,0,pool,pool.isab.mab1.fc_k.weight,640,640,640,39.1899,0.0612,4.7098,13.9117
set_transformer_species_s2.pt,set_transformer,species,2,0,pool,pool.isab.mab1.fc_v.weight,640,640,640,133.9124,0.2092,12.2703,5.5373
set_transformer_species_s2.pt,set_transformer,species,2,0,pool,pool.isab.mab1.fc_o.weight,640,640,640,109.038,0.1704,7.4072,7.6354
set_transformer_species_s2.pt,set_transformer,species,2,0,pool,pool.pma.mab.fc_q.weight,640,640,640,238.8634,0.3732,6.5592,6.1717
set_transformer_species_s2.pt,set_transformer,species,2,0,pool,pool.pma.mab.fc_k.weight,640,640,640,8.2584,0.0129,1.3947,27.7825
set_transformer_species_s2.pt,set_transformer,species,2,0,pool,pool.pma.mab.fc_v.weight,640,640,640,155.1993,0.2425,14.7973,4.912
set_transformer_species_s2.pt,set_transformer,species,2,0,pool,pool.pma.mab.fc_o.weight,640,640,640,93.7186,0.1464,7.064,7.9924
set_transformer_species_s2.pt,set_transformer,species,2,0,encoder,encoder.0.weight,512,640,512,138.7276,0.271,9.7782,5.8131
set_transformer_species_s2.pt,set_transformer,species,2,0,encoder,encoder.3.weight,256,512,256,127.895,0.4996,13.2532,3.5459
set_transformer_species_s2.pt,set_transformer,species,2,0,head,heads.gram_stain.weight,3,256,3,2.5397,0.8466,1.6954,1.3337
set_transformer_species_s2.pt,set_transformer,species,2,0,head,heads.cell_shape.weight,7,256,7,5.541,0.7916,2.6181,1.5316
set_transformer_species_s2.pt,set_transformer,species,2,0,head,heads.motility.weight,1,256,1,1.0,1.0,1.0,0.7971
set_transformer_species_s2.pt,set_transformer,species,2,0,head,heads.sporulation.weight,1,256,1,1.0,1.0,1.0,1.1185
set_transformer_species_s2.pt,set_transformer,species,2,0,head,heads.pigmentation.weight,1,256,1,1.0,1.0,1.0,0.5605
set_transformer_species_s2.pt,set_transformer,species,2,0,head,heads.oxygen_tolerance.weight,6,256,6,4.3199,0.72,2.0861,1.7822
set_transformer_species_s2.pt,set_transformer,species,2,0,head,heads.catalase.weight,1,256,1,1.0,1.0,1.0,0.7514
set_transformer_species_s2.pt,set_transformer,species,2,0,head,heads.cytochrome_oxidase.weight,1,256,1,1.0,1.0,1.0,0.9206
set_transformer_species_s2.pt,set_transformer,species,2,0,head,heads.halophily.weight,4,256,4,3.6172,0.9043,2.2225,0.8862
set_transformer_species_s2.pt,set_transformer,species,2,0,head,heads.temperature_class.weight,5,256,5,4.1287,0.8257,2.3275,1.4418
set_transformer_species_s2.pt,set_transformer,species,2,0,head,heads.ph_class.weight,3,256,3,2.4821,0.8274,1.6323,0.8839
set_transformer_species_s2.pt,set_transformer,species,2,0,head,heads.cultivation_medium.weight,200,256,200,6.752,0.0338,1.4484,19.5919
set_transformer_species_s2.pt,set_transformer,species,2,0,head,heads.carbon_utilization.weight,80,256,80,38.7828,0.4848,6.1805,2.665
set_transformer_species_s2.pt,set_transformer,species,2,0,head,heads.metabolite_production.weight,50,256,50,29.1906,0.5838,4.4382,2.6365
set_transformer_species_s2.pt,set_transformer,species,2,0,head,heads.amr_phenotype.weight,30,256,30,20.6129,0.6871,5.5949,2.1084
set_transformer_species_s2.pt,set_transformer,species,2,0,head,heads.biosafety_level.weight,4,256,4,2.7471,0.6868,1.5641,1.7989
set_transformer_species_s2.pt,set_transformer,species,2,0,head,heads.pathogenicity_human.weight,1,256,1,1.0,1.0,1.0,0.7662
set_transformer_species_s2.pt,set_transformer,species,2,0,head,heads.pathogenicity_animal.weight,1,256,1,1.0,1.0,1.0,0.861
set_transformer_species_s2.pt,set_transformer,species,2,0,head,heads.isolation_source.weight,20,256,20,9.8494,0.4925,2.4786,3.3925
set_transformer_species_s2.pt,set_transformer,species,2,0,head,heads.country.weight,100,256,100,16.5442,0.1654,2.1508,10.2267
set_transformer_species_s2.pt,set_transformer,species,2,0,head,heads.fatty_acid_profile.weight,30,256,30,24.5704,0.819,12.271,0.4695
