split,seed,head,metric,train,test,gap
species,0,gram_stain,acc,0.9719,0.9594,0.0125
species,0,cell_shape,acc,0.8494,0.8336,0.0158
species,0,motility,acc,0.8019,0.755,0.047
species,0,sporulation,acc,0.9439,0.9428,0.0011
species,0,pigmentation,acc,0.716,0.7144,0.0016
species,0,oxygen_tolerance,acc,0.8099,0.833,-0.0231
species,0,catalase,acc,0.9107,0.906,0.0047
species,0,cytochrome_oxidase,acc,0.8678,0.8272,0.0405
species,0,halophily,acc,0.737,0.6739,0.0631
species,0,temperature_class,acc,0.9735,0.961,0.0125
species,0,ph_class,acc,0.6544,0.6513,0.0031
species,0,cultivation_medium,f1,0.2675,0.2407,0.0268
species,0,carbon_utilization,f1,0.5499,0.5372,0.0127
species,0,metabolite_production,f1,0.1585,0.1055,0.053
species,0,amr_phenotype,f1,0.5283,0.4009,0.1273
species,0,biosafety_level,acc,0.8379,0.8773,-0.0394
species,0,pathogenicity_human,acc,0.8622,0.9319,-0.0697
species,0,pathogenicity_animal,acc,0.8901,0.9377,-0.0475
species,0,isolation_source,acc,0.6088,0.6071,0.0018
species,0,country,acc,0.2396,0.2075,0.0321
species,0,fatty_acid_profile,rmse,0.0759,0.09,-0.0142
species,1,gram_stain,acc,0.9703,0.9565,0.0139
species,1,cell_shape,acc,0.8477,0.8306,0.0172
species,1,motility,acc,0.8014,0.7487,0.0526
species,1,sporulation,acc,0.94,0.9383,0.0017
species,1,pigmentation,acc,0.7168,0.7127,0.0041
species,1,oxygen_tolerance,acc,0.802,0.8323,-0.0304
species,1,catalase,acc,0.9107,0.9086,0.002
species,1,cytochrome_oxidase,acc,0.8622,0.8202,0.042
species,1,halophily,acc,0.7229,0.668,0.0549
species,1,temperature_class,acc,0.9721,0.9602,0.012
species,1,ph_class,acc,0.6571,0.6461,0.011
species,1,cultivation_medium,f1,0.2802,0.2442,0.036
species,1,carbon_utilization,f1,0.5584,0.5476,0.0108
species,1,metabolite_production,f1,0.1657,0.1088,0.0568
species,1,amr_phenotype,f1,0.5183,0.3825,0.1358
species,1,biosafety_level,acc,0.837,0.8702,-0.0332
species,1,pathogenicity_human,acc,0.8609,0.9322,-0.0714
species,1,pathogenicity_animal,acc,0.8908,0.9342,-0.0434
species,1,isolation_source,acc,0.6039,0.6054,-0.0015
species,1,country,acc,0.2383,0.2044,0.034
species,1,fatty_acid_profile,rmse,0.0783,0.093,-0.0147
species,2,gram_stain,acc,0.9719,0.9605,0.0114
species,2,cell_shape,acc,0.8521,0.8332,0.0189
species,2,motility,acc,0.8003,0.7522,0.048
species,2,sporulation,acc,0.9406,0.9428,-0.0022
species,2,pigmentation,acc,0.7176,0.7101,0.0075
species,2,oxygen_tolerance,acc,0.8074,0.8333,-0.026
species,2,catalase,acc,0.9143,0.9051,0.0092
species,2,cytochrome_oxidase,acc,0.8651,0.8254,0.0398
species,2,halophily,acc,0.7399,0.6714,0.0685
species,2,temperature_class,acc,0.9739,0.9621,0.0118
species,2,ph_class,acc,0.6538,0.6571,-0.0033
species,2,cultivation_medium,f1,0.2809,0.2427,0.0382
species,2,carbon_utilization,f1,0.5408,0.528,0.0128
species,2,metabolite_production,f1,0.1549,0.1066,0.0482
species,2,amr_phenotype,f1,0.5172,0.3845,0.1327
species,2,biosafety_level,acc,0.8416,0.8797,-0.0381
species,2,pathogenicity_human,acc,0.8609,0.9303,-0.0694
species,2,pathogenicity_animal,acc,0.8901,0.9323,-0.0421
species,2,isolation_source,acc,0.6023,0.5868,0.0154
species,2,country,acc,0.2425,0.2029,0.0396
species,2,fatty_acid_profile,rmse,0.0778,0.0895,-0.0117
genus,0,gram_stain,acc,0.9696,0.9607,0.0089
genus,0,cell_shape,acc,0.868,0.8036,0.0644
genus,0,motility,acc,0.8247,0.7017,0.1229
genus,0,sporulation,acc,0.9586,0.9152,0.0434
genus,0,pigmentation,acc,0.72,0.7161,0.0039
genus,0,oxygen_tolerance,acc,0.8222,0.8277,-0.0055
genus,0,catalase,acc,0.9242,0.8992,0.025
genus,0,cytochrome_oxidase,acc,0.862,0.8309,0.0311
genus,0,halophily,acc,0.7231,0.6778,0.0453
genus,0,temperature_class,acc,0.9745,0.9589,0.0156
genus,0,ph_class,acc,0.6558,0.6489,0.0069
genus,0,cultivation_medium,f1,0.3216,0.2516,0.0699
genus,0,carbon_utilization,f1,0.5783,0.5378,0.0405
genus,0,metabolite_production,f1,0.1475,0.0837,0.0638
genus,0,amr_phenotype,f1,0.513,0.3682,0.1449
genus,0,biosafety_level,acc,0.849,0.9155,-0.0665
genus,0,pathogenicity_human,acc,0.8876,0.9403,-0.0526
genus,0,pathogenicity_animal,acc,0.9036,0.9435,-0.0399
genus,0,isolation_source,acc,0.6508,0.5667,0.0841
genus,0,country,acc,0.2383,0.2245,0.0138
genus,0,fatty_acid_profile,rmse,0.0758,0.0912,-0.0154
genus,1,gram_stain,acc,0.9696,0.9635,0.0061
genus,1,cell_shape,acc,0.8652,0.8021,0.0631
genus,1,motility,acc,0.8249,0.7109,0.114
genus,1,sporulation,acc,0.9568,0.9132,0.0437
genus,1,pigmentation,acc,0.7189,0.7204,-0.0015
genus,1,oxygen_tolerance,acc,0.8232,0.8294,-0.0062
genus,1,catalase,acc,0.9233,0.8979,0.0253
genus,1,cytochrome_oxidase,acc,0.8544,0.8201,0.0343
genus,1,halophily,acc,0.7225,0.6791,0.0434
genus,1,temperature_class,acc,0.9736,0.9584,0.0152
genus,1,ph_class,acc,0.6554,0.6489,0.0065
genus,1,cultivation_medium,f1,0.3172,0.2365,0.0807
genus,1,carbon_utilization,f1,0.5787,0.5257,0.053
genus,1,metabolite_production,f1,0.143,0.0727,0.0703
genus,1,amr_phenotype,f1,0.5056,0.3495,0.1561
genus,1,biosafety_level,acc,0.8522,0.9095,-0.0572
genus,1,pathogenicity_human,acc,0.8926,0.9339,-0.0413
genus,1,pathogenicity_animal,acc,0.9031,0.9412,-0.0381
genus,1,isolation_source,acc,0.6381,0.5585,0.0796
genus,1,country,acc,0.2392,0.2245,0.0147
genus,1,fatty_acid_profile,rmse,0.0775,0.0947,-0.0172
genus,2,gram_stain,acc,0.9686,0.9612,0.0074
genus,2,cell_shape,acc,0.8702,0.805,0.0651
genus,2,motility,acc,0.8288,0.7058,0.123
genus,2,sporulation,acc,0.9582,0.9142,0.044
genus,2,pigmentation,acc,0.7205,0.7086,0.0119
genus,2,oxygen_tolerance,acc,0.8228,0.8298,-0.007
genus,2,catalase,acc,0.9248,0.8967,0.0281
genus,2,cytochrome_oxidase,acc,0.8562,0.8296,0.0266
genus,2,halophily,acc,0.719,0.6797,0.0392
genus,2,temperature_class,acc,0.974,0.9589,0.0151
genus,2,ph_class,acc,0.653,0.6564,-0.0034
genus,2,cultivation_medium,f1,0.3269,0.2481,0.0788
genus,2,carbon_utilization,f1,0.5834,0.5325,0.0509
genus,2,metabolite_production,f1,0.157,0.0922,0.0647
genus,2,amr_phenotype,f1,0.5171,0.3552,0.1619
genus,2,biosafety_level,acc,0.8511,0.905,-0.0539
genus,2,pathogenicity_human,acc,0.8921,0.9335,-0.0414
genus,2,pathogenicity_animal,acc,0.9017,0.9334,-0.0317
genus,2,isolation_source,acc,0.6435,0.5565,0.087
genus,2,country,acc,0.2356,0.2257,0.0099
genus,2,fatty_acid_profile,rmse,0.0757,0.0925,-0.0168
family,0,gram_stain,acc,0.9642,0.9518,0.0124
family,0,cell_shape,acc,0.8585,0.796,0.0625
family,0,motility,acc,0.8147,0.6981,0.1165
family,0,sporulation,acc,0.9523,0.9036,0.0487
family,0,pigmentation,acc,0.7324,0.7361,-0.0038
family,0,oxygen_tolerance,acc,0.7936,0.8589,-0.0653
family,0,catalase,acc,0.9217,0.8731,0.0486
family,0,cytochrome_oxidase,acc,0.8503,0.8395,0.0108
family,0,halophily,acc,0.7331,0.6649,0.0682
family,0,temperature_class,acc,0.9706,0.9494,0.0211
family,0,ph_class,acc,0.6467,0.6059,0.0408
family,0,cultivation_medium,f1,0.3077,0.1511,0.1567
family,0,carbon_utilization,f1,0.5939,0.4962,0.0977
family,0,metabolite_production,f1,0.1663,0.079,0.0873
family,0,amr_phenotype,f1,0.4876,0.3331,0.1545
family,0,biosafety_level,acc,0.8549,0.8633,-0.0084
family,0,pathogenicity_human,acc,0.8883,0.9184,-0.0301
family,0,pathogenicity_animal,acc,0.9011,0.9498,-0.0487
family,0,isolation_source,acc,0.6308,0.605,0.0258
family,0,country,acc,0.2188,0.2288,-0.0101
family,0,fatty_acid_profile,rmse,0.0824,0.1016,-0.0192
family,1,gram_stain,acc,0.9647,0.9529,0.0119
family,1,cell_shape,acc,0.8585,0.8025,0.056
family,1,motility,acc,0.8135,0.6952,0.1184
family,1,sporulation,acc,0.9547,0.9085,0.0462
family,1,pigmentation,acc,0.7304,0.7388,-0.0084
family,1,oxygen_tolerance,acc,0.7889,0.8548,-0.0659
family,1,catalase,acc,0.9202,0.8724,0.0478
family,1,cytochrome_oxidase,acc,0.8522,0.8395,0.0127
family,1,halophily,acc,0.7328,0.6632,0.0696
family,1,temperature_class,acc,0.9703,0.9565,0.0138
family,1,ph_class,acc,0.6521,0.5941,0.058
family,1,cultivation_medium,f1,0.298,0.1228,0.1752
family,1,carbon_utilization,f1,0.5715,0.4795,0.092
family,1,metabolite_production,f1,0.15,0.0784,0.0717
family,1,amr_phenotype,f1,0.4707,0.3411,0.1296
family,1,biosafety_level,acc,0.8575,0.8633,-0.0057
family,1,pathogenicity_human,acc,0.8915,0.9143,-0.0227
family,1,pathogenicity_animal,acc,0.9027,0.9549,-0.0522
family,1,isolation_source,acc,0.6251,0.61,0.0151
family,1,country,acc,0.2189,0.2193,-0.0004
family,1,fatty_acid_profile,rmse,0.0764,0.0971,-0.0207
family,2,gram_stain,acc,0.9647,0.9545,0.0102
family,2,cell_shape,acc,0.8553,0.8007,0.0546
family,2,motility,acc,0.8139,0.6934,0.1205
family,2,sporulation,acc,0.9539,0.9073,0.0466
family,2,pigmentation,acc,0.7299,0.7335,-0.0036
family,2,oxygen_tolerance,acc,0.7923,0.8626,-0.0703
family,2,catalase,acc,0.9208,0.8703,0.0505
family,2,cytochrome_oxidase,acc,0.8579,0.8425,0.0155
family,2,halophily,acc,0.7299,0.6571,0.0727
family,2,temperature_class,acc,0.9683,0.9453,0.023
family,2,ph_class,acc,0.641,0.6101,0.0309
family,2,cultivation_medium,f1,0.3084,0.1328,0.1756
family,2,carbon_utilization,f1,0.5865,0.489,0.0975
family,2,metabolite_production,f1,0.1584,0.0803,0.0782
family,2,amr_phenotype,f1,0.4818,0.3619,0.1199
family,2,biosafety_level,acc,0.8546,0.8603,-0.0057
family,2,pathogenicity_human,acc,0.8914,0.911,-0.0197
family,2,pathogenicity_animal,acc,0.9027,0.9457,-0.043
family,2,isolation_source,acc,0.6358,0.595,0.0408
family,2,country,acc,0.2231,0.2295,-0.0064
family,2,fatty_acid_profile,rmse,0.0801,0.0999,-0.0198
