target,group,model,rank,status,n_train,n_test,train_pos_rate,test_pos_rate,acc,macro_f1,precision,recall,auroc,auprc
motility,binary_trait,chance,full,ok,5196,1673,0.4287913779830639,0.36282127913927076,0.6371787208607292,0.389193136181088,0.0,0.0,0.5,0.36282127913927076
motility,binary_trait,logistic_l2,6,ok,5196,1673,0.4287913779830639,0.36282127913927076,0.5774058577405857,0.5773327687340648,0.4540441176470588,0.8138385502471169,0.6773771292395474,0.5201468214576188
motility,binary_trait,logistic_l2,10,ok,5196,1673,0.4287913779830639,0.36282127913927076,0.5756126718469815,0.5756003898746913,0.45209302325581396,0.800658978583196,0.6636288330948192,0.4954771497574146
motility,binary_trait,logistic_l2,25,ok,5196,1673,0.4287913779830639,0.36282127913927076,0.6246264196054991,0.6175860813860377,0.48748510131108463,0.6738056013179572,0.6962099458784474,0.5612123377878864
motility,binary_trait,sgd_logistic,6,ok,5196,1673,0.4287913779830639,0.36282127913927076,0.5517035265989241,0.5435945002182453,0.4151838671411625,0.5766062602965404,0.5909603716490847,0.445886423284259
motility,binary_trait,sgd_logistic,10,ok,5196,1673,0.4287913779830639,0.36282127913927076,0.5582785415421399,0.5564300488112899,0.4311064718162839,0.6803953871499177,0.6210115877612965,0.49938103813342394
motility,binary_trait,sgd_logistic,25,ok,5196,1673,0.4287913779830639,0.36282127913927076,0.6174536760310819,0.616318503802701,0.48307692307692307,0.7759472817133443,0.6875654883148756,0.5253808525715328
motility,binary_trait,regularized_rf,6,ok,5196,1673,0.4287913779830639,0.36282127913927076,0.6317991631799164,0.6257325062827757,0.4947245017584994,0.6952224052718287,0.6969548513125481,0.5490907216143399
motility,binary_trait,regularized_rf,10,ok,5196,1673,0.4287913779830639,0.36282127913927076,0.6539151225343693,0.6344560409640545,0.5205882352941177,0.5831960461285008,0.7057963533633562,0.5740237257811216
motility,binary_trait,regularized_rf,25,ok,5196,1673,0.4287913779830639,0.36282127913927076,0.6688583383144052,0.642408823783597,0.5433715220949263,0.5469522240527183,0.7166917544222965,0.5859982662067997
motility,binary_trait,hist_gd,6,ok,5196,1673,0.4287913779830639,0.36282127913927076,0.630005977286312,0.624421674289426,0.49303944315545245,0.700164744645799,0.6981425273003206,0.5451318029160593
motility,binary_trait,hist_gd,10,ok,5196,1673,0.4287913779830639,0.36282127913927076,0.6515242080095637,0.6344074051167873,0.5170454545454546,0.5996705107084019,0.6928686895537057,0.5502040221313289
motility,binary_trait,hist_gd,25,ok,5196,1673,0.4287913779830639,0.36282127913927076,0.6467423789599522,0.6255506007328089,0.5119760479041916,0.5634266886326195,0.6980057552444743,0.5615549435474285
motility,binary_trait,poly2_logistic,6,ok,5196,1673,0.4287913779830639,0.36282127913927076,0.5911536162582187,0.5904159365013916,0.46130653266331656,0.7561779242174629,0.6780694894770517,0.5062591545361224
motility,binary_trait,poly2_logistic,10,ok,5196,1673,0.4287913779830639,0.36282127913927076,0.6054991034070532,0.5999521759923482,0.46950517836593786,0.6721581548599671,0.6800754796294637,0.5304413757019126
motility,binary_trait,poly2_logistic,25,ok,5196,1673,0.4287913779830639,0.36282127913927076,0.6306037059175135,0.6068780018920095,0.4916030534351145,0.5304777594728172,0.6583217682385922,0.5264450274605095
motility,binary_trait,soft_vote_ensemble,fixed,ok,5196,1673,0.4287913779830639,0.36282127913927076,0.6461446503287508,0.6412711198940637,0.5086107921928817,0.729818780889621,0.7314507728780241,0.5915628433828695
sporulation,binary_trait,chance,full,ok,2473,809,0.40962393853619083,0.25339925834363414,0.7466007416563659,0.42745930644019814,0.0,0.0,0.5,0.25339925834363414
sporulation,binary_trait,logistic_l2,6,ok,2473,809,0.40962393853619083,0.25339925834363414,0.7478368355995055,0.7209778859809293,0.5014164305949008,0.8634146341463415,0.8238329833629463,0.5008244428105261
sporulation,binary_trait,logistic_l2,10,ok,2473,809,0.40962393853619083,0.25339925834363414,0.7663782447466008,0.7340653301029468,0.5248447204968945,0.824390243902439,0.8322888063317719,0.5105959788396528
sporulation,binary_trait,logistic_l2,25,ok,2473,809,0.40962393853619083,0.25339925834363414,0.8553770086526576,0.8211276255988208,0.676,0.824390243902439,0.9225730899693103,0.7837330067894718
sporulation,binary_trait,sgd_logistic,6,ok,2473,809,0.40962393853619083,0.25339925834363414,0.7280593325092707,0.7020557117985804,0.4794520547945205,0.8536585365853658,0.80843967048942,0.4998185623183352
sporulation,binary_trait,sgd_logistic,10,ok,2473,809,0.40962393853619083,0.25339925834363414,0.7317676143386898,0.6946676012293094,0.4813664596273292,0.7560975609756098,0.7850872233887901,0.4386080291122654
sporulation,binary_trait,sgd_logistic,25,ok,2473,809,0.40962393853619083,0.25339925834363414,0.8442521631644005,0.7986512752441453,0.680365296803653,0.7268292682926829,0.8807866257470522,0.7276882232699332
sporulation,binary_trait,regularized_rf,6,ok,2473,809,0.40962393853619083,0.25339925834363414,0.7911001236093943,0.7402306974693957,0.573170731707317,0.6878048780487804,0.8533193345178486,0.6611473280591187
sporulation,binary_trait,regularized_rf,10,ok,2473,809,0.40962393853619083,0.25339925834363414,0.8182941903584673,0.7668546760220436,0.6294642857142857,0.6878048780487804,0.8788806331771927,0.7256372121120929
sporulation,binary_trait,regularized_rf,25,ok,2473,809,0.40962393853619083,0.25339925834363414,0.8504326328800988,0.798057503347176,0.71875,0.6731707317073171,0.8986351154902278,0.786453156818917
sporulation,binary_trait,hist_gd,6,ok,2473,809,0.40962393853619083,0.25339925834363414,0.799752781211372,0.7492730222378672,0.5892116182572614,0.6926829268292682,0.8728799870780165,0.7041241176978993
sporulation,binary_trait,hist_gd,10,ok,2473,809,0.40962393853619083,0.25339925834363414,0.826946847960445,0.7795880557977333,0.6419213973799127,0.7170731707317073,0.8962445485382006,0.7565850772806894
sporulation,binary_trait,hist_gd,25,ok,2473,809,0.40962393853619083,0.25339925834363414,0.8529048207663782,0.8033861266836178,0.7171717171717171,0.6926829268292682,0.9094411242125666,0.8083015473641018
sporulation,binary_trait,poly2_logistic,6,ok,2473,809,0.40962393853619083,0.25339925834363414,0.7849196538936959,0.7549304307859441,0.5482866043613707,0.8585365853658536,0.8775965110644484,0.6785205503497233
sporulation,binary_trait,poly2_logistic,10,ok,2473,809,0.40962393853619083,0.25339925834363414,0.8145859085290482,0.7804494138080764,0.5964912280701754,0.8292682926829268,0.8985139718946857,0.6942460693542356
sporulation,binary_trait,poly2_logistic,25,ok,2473,809,0.40962393853619083,0.25339925834363414,0.8726823238566132,0.8325640742266384,0.7451923076923077,0.7560975609756098,0.8981424648683572,0.7257382428667016
sporulation,binary_trait,soft_vote_ensemble,fixed,ok,2473,809,0.40962393853619083,0.25339925834363414,0.8838071693448702,0.8483931419457735,0.7605633802816901,0.7902439024390244,0.9363511549022775,0.8607226829895372
catalase,binary_trait,chance,full,ok,4712,1442,0.8317062818336163,0.8176144244105409,0.8176144244105409,0.44982830980541777,0.8176144244105409,1.0,0.5,0.8176144244105409
catalase,binary_trait,logistic_l2,6,ok,4712,1442,0.8317062818336163,0.8176144244105409,0.7128987517337032,0.6203380776128515,0.8923076923076924,0.7379134860050891,0.750539382153465,0.9227543371534436
catalase,binary_trait,logistic_l2,10,ok,4712,1442,0.8317062818336163,0.8176144244105409,0.7961165048543689,0.7021297524563257,0.9123951537744641,0.8303647158608991,0.7958474830445341,0.9310071091090082
catalase,binary_trait,logistic_l2,25,ok,4712,1442,0.8317062818336163,0.8176144244105409,0.7857142857142857,0.6999319156616202,0.9206963249516441,0.8074639525021204,0.8050322984290998,0.9326150857469033
catalase,binary_trait,sgd_logistic,6,ok,4712,1442,0.8317062818336163,0.8176144244105409,0.7018030513176144,0.592828699909643,0.8711595639246779,0.7455470737913485,0.7058698323319691,0.9113738411454688
catalase,binary_trait,sgd_logistic,10,ok,4712,1442,0.8317062818336163,0.8176144244105409,0.8328710124826629,0.7296564793155569,0.9064124783362218,0.8871925360474979,0.794238205348994,0.9254271628520001
catalase,binary_trait,sgd_logistic,25,ok,4712,1442,0.8317062818336163,0.8176144244105409,0.6990291262135923,0.5983338467857876,0.8781725888324873,0.7336726039016115,0.7141548712094092,0.9073999082533992
catalase,binary_trait,regularized_rf,6,ok,4712,1442,0.8317062818336163,0.8176144244105409,0.8300970873786407,0.700287504782556,0.8853135313531353,0.9100932994062765,0.760385323645417,0.9046467371786624
catalase,binary_trait,regularized_rf,10,ok,4712,1442,0.8317062818336163,0.8176144244105409,0.8599167822468793,0.7484081384461774,0.8994276369582993,0.9329940627650551,0.7814317088981123,0.9134444196567442
catalase,binary_trait,regularized_rf,25,ok,4712,1442,0.8317062818336163,0.8176144244105409,0.8592233009708737,0.730294696205389,0.8873015873015873,0.9482612383375743,0.7924064022807238,0.9216184533608913
catalase,binary_trait,hist_gd,6,ok,4712,1442,0.8317062818336163,0.8176144244105409,0.789875173370319,0.6890921161896589,0.9040590405904059,0.8312128922815946,0.7718856929085356,0.9236108564424045
catalase,binary_trait,hist_gd,10,ok,4712,1442,0.8317062818336163,0.8176144244105409,0.8141470180305131,0.7100568098266296,0.904170363797693,0.8642917726887193,0.7839536631223858,0.9234806553009904
catalase,binary_trait,hist_gd,25,ok,4712,1442,0.8317062818336163,0.8176144244105409,0.8252427184466019,0.7215371458522994,0.905511811023622,0.8778625954198473,0.8015331675680556,0.9349389344440544
catalase,binary_trait,poly2_logistic,6,ok,4712,1442,0.8317062818336163,0.8176144244105409,0.7212205270457698,0.6346283783783784,0.9025906735751296,0.7387616624257846,0.7361107079854359,0.904204376572933
catalase,binary_trait,poly2_logistic,10,ok,4712,1442,0.8317062818336163,0.8176144244105409,0.7787794729542302,0.684931797711636,0.9095238095238095,0.8100084817642069,0.7752332485156913,0.9189620811319971
catalase,binary_trait,poly2_logistic,25,ok,4712,1442,0.8317062818336163,0.8176144244105409,0.7552011095700416,0.6550461326818624,0.8971153846153846,0.7913486005089059,0.7701151649429013,0.9261162205461693
catalase,binary_trait,soft_vote_ensemble,fixed,ok,4712,1442,0.8317062818336163,0.8176144244105409,0.8169209431345353,0.7194354039903779,0.9110512129380054,0.8600508905852418,0.8048065480509681,0.93354149837381
