trait,family,n,pos_rate,mean_centroid_cos,mean_top1_cos,probe_abs_error,knn_abs_error
motility,Acanthopleuribacteraceae,1,1.0,0.6853583602039925,0.632421191265805,0.6875526109730082,0.6
motility,Acidiferrobacteraceae,1,1.0,0.7311439817585366,0.7185185457028841,0.10930188124503859,0.09999999999999998
motility,Acidilobaceae,3,0.6666666666666666,0.9211539628220032,0.9006646308190923,0.4498386024733257,0.5333333333333333
motility,Actinopolymorphaceae,2,0.0,0.9473606970104747,0.9350082917388886,0.12060275436367693,0.1
motility,Aggregatilineaceae,1,0.0,0.6753595342997898,0.6554638602750988,0.3396486576362123,0.2
motility,Alcanivoracaceae,10,0.7,0.8049445084866663,0.8182732305342683,0.40374950776290275,0.39
motility,Alicyclobacillaceae,20,0.5,0.6333747236831696,0.6622340742907858,0.42517722518727047,0.525
motility,Aminiphilaceae,1,1.0,0.8772043738739996,0.8015771676776962,0.19347038242035175,0.4
motility,Antricoccaceae,3,0.0,0.9133467768796463,0.9111534535180219,0.10276882406595818,0.26666666666666666
motility,Aurantimonadaceae,16,0.875,0.8843712219633589,0.8676425381495091,0.380772427105973,0.33125
motility,Bacteroidaceae,32,0.03125,0.8806750889631217,0.8707355404439083,0.4977539376077915,0.1625
motility,Balneolaceae,14,0.07142857142857142,0.797211099537447,0.8283289319950938,0.5690123862653385,0.5428571428571429
motility,Beggiatoaceae,1,1.0,0.7643273690904627,0.8117885919102068,0.4807512272702149,1.0
motility,Beijerinckiaceae,6,0.0,0.883238227700469,0.8631297152979834,0.7112196872475942,0.7666666666666667
motility,Beutenbergiaceae,4,0.0,0.9488876200871545,0.9401198939172901,0.19339118525358645,0.19999999999999998
motility,Bifidobacteriaceae,52,0.0,0.6273769278799983,0.7016823004669893,0.10310172389677627,0.007692307692307693
motility,Brachyspiraceae,3,1.0,0.9348642635755661,0.9311364396561044,0.46284133840042035,0.5666666666666668
motility,Breznakiellaceae,1,1.0,0.8017523273649085,0.7256369610791318,0.32067209632624705,0.09999999999999998
motility,Bryobacteraceae,1,0.0,0.6621321957694367,0.690697499261906,0.38229068447797093,0.3
motility,Carboxydocellaceae,1,1.0,0.7826281807070896,0.8122984349595447,0.5573962453614929,0.6
motility,Carnobacteriaceae,42,0.30952380952380953,0.8616372018470975,0.8750892279057516,0.41944791120592645,0.35
motility,Caulobacteraceae,35,0.6571428571428571,0.8727086874235325,0.8681175742169568,0.48262774744048037,0.4857142857142857
motility,Chlorobiaceae,5,0.0,0.741743071326224,0.7235887716547064,0.7592032716054363,0.86
motility,Chthoniobacteraceae,1,0.0,0.7461626020519595,0.7620043457866779,0.27520411270620804,0.7
motility,Chthonomonadaceae,1,1.0,0.8170412761713413,0.7967456241448815,0.7390955326501722,1.0
motility,Competibacteraceae,1,1.0,0.8968471966962188,0.8968471966962188,0.23063492015099363,0.30000000000000004
motility,Coxiellaceae,2,0.0,0.7069238670876127,0.7164757053874284,0.5679753596744195,0.55
motility,Cryptosporangiaceae,1,0.0,0.9074366311987405,0.9113034120331273,0.09025076353310008,0.1
motility,Cyclobacteriaceae,53,0.07547169811320754,0.8648490954557027,0.8695005981330877,0.5052703648415746,0.3754716981132076
motility,Cytobacillaceae,25,0.8,0.8567007265168063,0.8792246288094302,0.33087073053295085,0.27999999999999997
motility,Deferribacteraceae,3,0.6666666666666666,0.9306817842409062,0.9288539701636709,0.45381870847435374,0.5666666666666668
motility,Defluviitaleaceae,1,0.0,0.9161179529882866,0.9009963281617953,0.8246009707364766,1.0
motility,Dehalococcoidaceae,4,0.0,0.765675409619085,0.7356910042789815,0.5610507677884959,0.6499999999999999
motility,Desulfarculaceae,1,1.0,0.7785620524039232,0.7356023794503568,0.3422721103131827,0.19999999999999996
motility,Desulfobacteraceae,2,0.0,0.7953966466175427,0.7971150255224728,0.8563449867705966,0.7
motility,Desulfurobacteriaceae,4,1.0,0.9253406790417293,0.90250368405293,0.4135672200115451,0.475
motility,Dethiosulfatibacteraceae,1,0.0,0.8703430095326433,0.9214268223534392,0.69234399316533,0.7
motility,Dethiosulfovibrionaceae,3,0.3333333333333333,0.7728443818943748,0.7638292495769331,0.3719075121763482,0.5666666666666668
motility,Devosiaceae,21,0.8571428571428571,0.8214169439773522,0.8247095741810868,0.509645622960388,0.5095238095238095
motility,Dictyobacteraceae,3,0.0,0.8159115688896611,0.8159115688896614,0.3140382066267356,0.20000000000000004
motility,Dissulfuribacteraceae,2,1.0,0.8386924998510583,0.8854445480854737,0.3382450415591043,0.35
motility,Ehrlichiaceae,1,0.0,0.8546531416218207,0.8945953118508791,0.6922614611627486,0.7
motility,Emcibacteraceae,1,1.0,0.655871584373622,0.6335407304142435,0.08696540601073144,0.30000000000000004
motility,Erythrobacteraceae,87,0.2988505747126437,0.8536866681584796,0.8411328906274107,0.5261668597827962,0.5126436781609195
motility,"Eubacteriales, not assigned to family",1,1.0,0.8332924180254401,0.8537120937149676,0.3988892175571296,0.4
motility,"Gammaproteobacteria, not assigned to family",2,1.0,0.859756350958994,0.8832616508342219,0.26166820938204954,0.25
motility,Geoalkalibacteraceae,1,1.0,0.8186875944406903,0.7682288423161718,0.2780044818850045,0.09999999999999998
motility,Geodermatophilaceae,12,0.6666666666666666,0.9559670927711217,0.9563202092901113,0.6243011510647359,0.4750000000000001
motility,Geopsychrobacteraceae,1,1.0,0.7561424936246055,0.6734459136879628,0.07519116488731914,0.30000000000000004
motility,Glycomycetaceae,3,0.0,0.9082822269550931,0.916208363369592,0.12910273710178047,0.06666666666666667
motility,Gottschalkiaceae,2,0.5,0.8812513178895747,0.879101741024809,0.5388048962866352,0.30000000000000004
motility,Haloferacaceae,43,0.5581395348837209,0.9904873155672728,0.9904699304913477,0.5174511939052939,0.5069767441860464
motility,Hydrogenothermaceae,3,1.0,0.9279631627215403,0.9109513982926002,0.43072346122334376,0.4666666666666666
motility,Hymenobacteraceae,55,0.14545454545454545,0.6457098869524387,0.6848679657790016,0.3040366074962207,0.43636363636363634
motility,Hyphomicrobiaceae,2,1.0,0.852279114403922,0.8532821061833402,0.318060545516438,0.25
motility,Iamiaceae,2,0.0,0.8609083921953442,0.8910484905680892,0.16460156819953353,0.15000000000000002
motility,Ignavibacteriaceae,1,0.0,0.9347863677869797,0.9045731713399269,0.5772729781325148,0.4
motility,Ilumatobacteraceae,3,0.0,0.8858442176887639,0.905975729549981,0.1454142715314438,0.13333333333333333
motility,Jatrophihabitantaceae,2,0.0,0.9156181843469113,0.9263097799494995,0.10142875505596678,0.15
motility,Jiangellaceae,3,0.6666666666666666,0.9491519403004026,0.9442168310445583,0.5861705116522491,0.5333333333333333
motility,Kineosporiaceae,15,0.5333333333333333,0.8958036191076375,0.9402229252399222,0.49979684036464783,0.3733333333333333
motility,Kytococcaceae,2,0.0,0.9353868786045821,0.9360633910533289,0.1262904701710256,0.05
motility,Lachnospiraceae,42,0.4523809523809524,0.8777659493181587,0.9023667665611047,0.4586393974738347,0.42857142857142855
motility,Lacipirellulaceae,1,1.0,0.826357105931566,0.7855808344243057,0.3433008788921844,0.19999999999999996
motility,Legionellaceae,61,0.2786885245901639,0.8266300421377898,0.8267097525760573,0.5166268390849185,0.43934426229508194
motility,Lentimicrobiaceae,1,0.0,0.7927117556738489,0.7926656890404858,0.7018024416512745,0.5
motility,Lentisphaeraceae,1,0.0,0.7373939021062016,0.7737241018759087,0.5253347365220399,0.5
motility,Listeriaceae,29,0.6551724137931034,0.8547783108112247,0.8691359922514326,0.531152552036404,0.5793103448275863
motility,Maricaulaceae,12,0.5833333333333334,0.8357797550380788,0.829133118246701,0.4688246447535234,0.525
motility,Marinicellaceae,3,0.0,0.8677352769958215,0.8717715577028158,0.5366935978604301,0.8333333333333334
motility,Marinifilaceae,7,0.42857142857142855,0.9143665928609032,0.9119432944082188,0.4976464344997607,0.5142857142857143
motility,Marinilabiliaceae,12,0.75,0.8421197820740692,0.8528142643684905,0.4382236417223854,0.5833333333333334
motility,Marivirgaceae,1,0.0,0.9270448800488976,0.9073344588213798,0.4505916356001816,0.3
motility,Methanonatronarchaeaceae,1,1.0,0.8102581183311234,0.8246199287771581,0.7195148353559082,0.6
motility,Methanoregulaceae,3,0.0,0.8531695719859641,0.776254847339738,0.6224823331040393,0.5666666666666667
motility,Methanosarcinaceae,3,0.3333333333333333,0.8365002084052892,0.855280987843715,0.6147625014864476,0.5666666666666667
motility,Methylocystaceae,7,0.2857142857142857,0.8870732465180253,0.8713606239266429,0.5737367144063631,0.6571428571428573
motility,Mycoplasmataceae,1,0.0,0.9825933599908367,0.9629402988904908,0.1510228278953706,0.3
motility,Nakamurellaceae,7,0.0,0.9008919742983412,0.91598747995039,0.09405272838720857,0.15714285714285717
motility,Natranaerobiaceae,1,0.0,0.7364271327643243,0.823218100211959,0.6423758261308982,0.7
motility,Natronospirillaceae,1,1.0,0.8020621619333266,0.8233901921131299,0.2864014146306437,0.09999999999999998
motility,Nautiliaceae,3,0.6666666666666666,0.8581684794958061,0.8587171262997414,0.5199708190761018,0.6999999999999998
motility,Neomegalonemataceae,1,0.0,0.8376374714541613,0.8894262310933012,0.7116792441678694,0.6
motility,Neomoorellaceae,2,0.5,0.8098993184898363,0.8709882837608958,0.45572321509445,0.5
motility,Nevskiaceae,10,0.7,0.8313975973540064,0.838210419048486,0.4454749412215221,0.32
motility,Nitriliruptoraceae,1,0.0,0.9418589413289675,0.9369974529478904,0.2289493669691697,0.3
motility,Oligosphaeraceae,1,0.0,0.7132127077802396,0.715239055245074,0.5064581314612129,0.5
motility,Opitutaceae,2,0.0,0.6828390021018627,0.7080704854949804,0.6465214189467908,0.6000000000000001
motility,Ornithinimicrobiaceae,9,0.0,0.9477791803934136,0.9467022476129875,0.19635801350487,0.2111111111111111
motility,Oscillospiraceae,28,0.2857142857142857,0.8594347906822312,0.8751885934822253,0.44764084205358073,0.4392857142857142
motility,Patulibacteraceae,3,0.6666666666666666,0.9140761153291072,0.9228102747709527,0.6583739133994498,0.7333333333333333
motility,Pectobacteriaceae,26,0.8846153846153846,0.8382213882794703,0.838175741627608,0.265629234831924,0.30384615384615377
motility,Peptostreptococcaceae,16,0.5,0.9358247762555636,0.9401250846027833,0.4212109965250809,0.45
motility,Petrotogaceae,5,0.8,0.9281621405528073,0.9329824924124317,0.4652142672013463,0.62
motility,Phreatobacteraceae,2,1.0,0.9231549245730751,0.9078550513716679,0.4181672775065793,0.25
motility,Porphyromonadaceae,2,0.0,0.8024751200147147,0.7937903295812798,0.6083370968418824,0.4
motility,Propionibacteriaceae,49,0.02040816326530612,0.8887309301494513,0.8912886067575806,0.12465415033918414,0.1183673469387755
motility,Pseudoalteromonadaceae,32,0.9375,0.902377579010095,0.8928233942825705,0.31448566490595253,0.18437499999999998
motility,Pseudoxanthobacteraceae,1,1.0,0.925021746134299,0.8946893327878769,0.41706375097422854,0.19999999999999996
motility,Rarobacteraceae,1,0.0,0.8099732430797756,0.8499242017486142,0.11764408669065386,0.4
motility,Reyranellaceae,2,0.0,0.8708764320912633,0.853733301433509,0.44384900486918905,0.8500000000000001
motility,Rhodobiaceae,1,1.0,0.8345112219537422,0.8402744608707579,0.351549065149386,0.30000000000000004
motility,Rhodocyclaceae,3,0.6666666666666666,0.8670857448177433,0.8481503575124396,0.41796758704081133,0.3
motility,Rhodospirillaceae,21,0.9523809523809523,0.8428897389999425,0.8573997039289712,0.345021347352345,0.33809523809523806
motility,Rhodothermaceae,1,0.0,0.8915138590748144,0.8915138590748147,0.4153696462341376,0.0
motility,Rikenellaceae,4,0.0,0.7985646351943204,0.819177510326518,0.4103421978958172,0.22499999999999998
motility,Roseivirgaceae,3,0.3333333333333333,0.8980457329656036,0.892725746223208,0.4531405846396268,0.43333333333333335
motility,Roseobacteraceae,211,0.3933649289099526,0.8491368964297608,0.8474278442657927,0.4912804272701539,0.47582938388625595
motility,Ruaniaceae,3,0.6666666666666666,0.9197280689143422,0.9345224237148851,0.5882041542952793,0.6333333333333333
motility,Rubrobacteraceae,3,0.0,0.7064134810606036,0.6988433742510048,0.506123707710982,0.20000000000000004
motility,Salinarimonadaceae,2,1.0,0.8879350184063164,0.9019290816386661,0.2019224762906729,0.14999999999999997
motility,Salinibacteraceae,1,0.0,0.8676880549051967,0.8752813369122145,0.3493935072570064,0.4
motility,Salisaetaceae,1,0.0,0.6667476415346661,0.6645467426976348,0.4449631417870367,0.2
motility,Sedimentibacteraceae,1,0.0,0.9535524251158636,0.9614077953117143,0.5409775840195923,0.7
motility,Silvanigrellaceae,2,1.0,0.8868818302734522,0.9055850938534789,0.47549341275203827,0.09999999999999998
motility,Sneathiellaceae,2,1.0,0.7810092241688733,0.8039244365284813,0.3408688927159345,0.35000000000000003
motility,Sphaerobacteraceae,1,0.0,0.8255756747716916,0.7180801569946633,0.22007840414664404,0.5
motility,Sphaerotilaceae,33,0.8787878787878788,0.8797383519687356,0.893015722845115,0.25902559647040546,0.2606060606060606
motility,Sphingosinicellaceae,8,0.625,0.8901047791932802,0.8808178350032639,0.4477219966250615,0.46249999999999997
motility,Spirosomataceae,60,0.15,0.7741982656026827,0.7952704139675896,0.44764211889481353,0.46666666666666673
motility,Sporanaerobacteraceae,1,1.0,0.9520357038128429,0.9540227052928933,0.29978449856576184,0.4
motility,Sporichthyaceae,1,0.0,0.9538195362354633,0.9536692007181683,0.1504728911249298,0.2
motility,Sporolactobacillaceae,10,0.6,0.775170889424721,0.8101821340728048,0.595908309296072,0.53
motility,Sporomusaceae,7,0.8571428571428571,0.7477780190839531,0.7657439479503022,0.3650005283911802,0.38571428571428573
motility,Streptosporangiaceae,55,0.01818181818181818,0.9254891474311249,0.9294350348430565,0.20949399546650152,0.08363636363636365
motility,Succinivibrionaceae,1,0.0,0.7804318958644783,0.7839866161615097,0.4643046493736742,0.8
motility,Sulfolobaceae,1,0.0,0.9337697102562328,0.9053244643529383,0.5726153928900581,0.6
motility,Synergistaceae,8,0.75,0.7973178749514422,0.8011381487116633,0.39141538063257686,0.375
motility,Tannerellaceae,6,0.0,0.8825373411313232,0.8613279277766833,0.5436126389521142,0.11666666666666665
motility,Temperatibacteraceae,6,1.0,0.7701633923930338,0.7651811438547176,0.21746935525622627,0.35000000000000003
motility,Tenuifilaceae,1,1.0,0.8852680905778012,0.8397601513162121,0.3357513687159124,0.6
motility,Terasakiellaceae,1,1.0,0.5697292081819627,0.6266342952614913,0.517872750870574,0.5
motility,Thalassobaculaceae,8,0.875,0.8512559764267915,0.8525319040313291,0.296987892424214,0.5375
motility,Thermaerobacteraceae,1,0.0,0.8180000496950047,0.8434194780017713,0.3928799074608348,0.1
motility,Thermoactinomycetaceae,2,0.0,0.751469496640921,0.7944363460408552,0.7160292673035507,0.7
motility,Thermoanaerobacteraceae,11,0.8181818181818182,0.900871423051573,0.9066969037024019,0.4805985910160418,0.5454545454545454
motility,Thermodesulfobiaceae,1,1.0,0.9324168355401801,0.915375119544245,0.35392358969616455,0.4
motility,Thermodesulfovibrionaceae,2,0.0,0.9357173373538881,0.933936776441177,0.6688991026309035,0.5
motility,Thermosediminibacteraceae,3,0.6666666666666666,0.8917428967386684,0.8983762083604656,0.4770530557791682,0.5333333333333333
motility,Thioalkalibacteraceae,2,1.0,0.837527803654659,0.8342005365146673,0.28654162683657824,0.45
motility,Thiobacillaceae,3,0.6666666666666666,0.8405959057603555,0.8481978029254963,0.362492074136242,0.3333333333333333
motility,Tissierellaceae,2,0.5,0.935977871532293,0.9318849366675819,0.504683655109536,0.45
motility,Trueperaceae,1,0.0,0.8678386109335985,0.8653271520559553,0.4636149939674963,0.2
motility,Tsukamurellaceae,9,0.1111111111111111,0.9273762740748962,0.9242167647859318,0.172086434847179,0.17777777777777776
motility,Veillonellaceae,22,0.0,0.7904873219949219,0.8035866456916938,0.3988319136233636,0.22272727272727266
motility,Verrucomicrobiaceae,12,0.0,0.7334893363508361,0.723974929677421,0.5990764584428326,0.6
motility,Weeksellaceae,118,0.0423728813559322,0.9030349096909173,0.9154550423477125,0.3443615832925756,0.4262711864406779
motility,Woeseiaceae,1,0.0,0.8046693792858062,0.8288161792155953,0.7764791443589225,0.5
sporulation,Acanthopleuribacteraceae,1,0.0,0.6853583602039925,0.6025116411862418,0.0429515509655362,0.1
sporulation,Actinopolymorphaceae,2,0.0,0.9405447639388782,0.9369990034767192,0.7875014011065751,0.8
sporulation,Alcanivoracaceae,3,0.0,0.8157051852959345,0.8182778594251401,0.0108977541225519,0.0
sporulation,Alicyclobacillaceae,17,1.0,0.6600801574728457,0.6728929588781323,0.35938286542478165,0.3176470588235294
sporulation,Aminiphilaceae,1,0.0,0.8772043738739996,0.8015771676776962,0.3339261750012725,0.2
sporulation,Antricoccaceae,2,0.0,0.9250618551962417,0.9147295064319504,0.20884776807462077,0.3
sporulation,Aurantimonadaceae,7,0.0,0.9054019541671251,0.8701174006370671,0.01854081168388616,0.028571428571428574
sporulation,Bacteroidaceae,25,0.0,0.8796937452469882,0.8690520056993947,0.32900801673369096,0.096
sporulation,Balneolaceae,9,0.1111111111111111,0.796349723063868,0.8219415533658363,0.2666973464020438,0.3222222222222222
sporulation,Beutenbergiaceae,3,0.0,0.9463403469847557,0.9336752688883777,0.27855653803166064,0.06666666666666667
sporulation,Bifidobacteriaceae,26,0.0,0.6090056359413233,0.6728623100650059,0.0493948355707318,0.011538461538461537
sporulation,Breznakiellaceae,1,0.0,0.8017523273649085,0.7256369610791318,0.3928595185524868,0.4
sporulation,Carboxydocellaceae,1,1.0,0.7826281807070896,0.8074127584922265,0.19261622440161563,0.7
sporulation,Carnobacteriaceae,15,0.0,0.8566404984233116,0.8704476441803383,0.49924377420188804,0.7533333333333333
sporulation,Caulobacteraceae,10,0.0,0.8798650325769877,0.8626158709742879,0.004113052344100153,0.01
sporulation,Chthonomonadaceae,1,0.0,0.8170412761713413,0.7967456241448815,0.16811689517363468,0.3
sporulation,Cyclobacteriaceae,22,0.0,0.8673794976634295,0.8718159355519581,0.07423270538872238,0.0
sporulation,Cytobacillaceae,23,0.9130434782608695,0.8564973327174922,0.880116376060493,0.1998301885428855,0.10869565217391304
sporulation,Deferribacteraceae,2,0.0,0.9274451514269494,0.9290408126405681,0.370202602865989,0.2
sporulation,Defluviitaleaceae,1,0.0,0.9161179529882866,0.9009963281617953,0.8810871831264621,0.7
sporulation,Dehalococcoidaceae,4,0.0,0.765675409619085,0.6972305143722449,0.1793385770252385,0.125
sporulation,Desulfatirhabdiaceae,1,0.0,0.7913370003252044,0.7091658033286465,0.40248099667896103,0.1
sporulation,Desulfobacteraceae,1,0.0,0.8132635529092312,0.8041170679236705,0.3907562833961646,0.3
sporulation,Desulfosalsimonadaceae,1,0.0,0.8268717634536871,0.7355115120553701,0.5925064243301281,0.1
sporulation,Desulfurobacteriaceae,2,0.0,0.9170689113655146,0.8682632352221409,0.18069789486689286,0.0
sporulation,Dethiosulfatibacteraceae,1,0.0,0.8703430095326433,0.9214268223534392,0.49848112677486395,0.6
sporulation,Dethiosulfovibrionaceae,2,0.0,0.7651793760145543,0.7510221039147704,0.13891416508371474,0.05
sporulation,Devosiaceae,11,0.0,0.8189336873661542,0.8085006626639987,0.003799109862650157,0.0
sporulation,Dictyobacteraceae,1,1.0,0.794425190394728,0.794425190394728,0.4188357845651256,0.5
sporulation,Dissulfuribacteraceae,2,0.0,0.8386924998510583,0.8771259746893826,0.3999950768293724,0.05
sporulation,Emcibacteraceae,1,0.0,0.655871584373622,0.6335407304142435,0.021742759009851988,0.0
sporulation,Erythrobacteraceae,35,0.0,0.8568951545644184,0.830093075162642,0.0035069384989386263,0.008571428571428572
sporulation,"Eubacteriales, not assigned to family",1,0.0,0.8332924180254401,0.83028458096492,0.236249459177794,0.9
sporulation,Geoalkalibacteraceae,1,0.0,0.8186875944406904,0.7682288423161717,0.15295991891289845,0.1
sporulation,Geodermatophilaceae,7,0.2857142857142857,0.9583080372956811,0.9555259356611077,0.5447167300562387,0.31428571428571433
sporulation,Glycomycetaceae,6,0.8333333333333334,0.8877511096461262,0.884704791315105,0.6821192506222983,0.7666666666666667
sporulation,Gottschalkiaceae,2,0.5,0.8812513178895747,0.879101741024809,0.2841447815080367,0.19999999999999998
sporulation,Haloferacaceae,5,0.0,0.9908878883047461,0.9895390621839256,0.0664275851544854,0.1
sporulation,Hydrogenothermaceae,2,0.0,0.9216795556504694,0.9178087482913037,0.24008934517017108,0.05
sporulation,Hymenobacteraceae,19,0.0,0.6272720432741746,0.6589101698137096,0.1313317220140048,0.13157894736842105
sporulation,Hyphomicrobiaceae,1,1.0,0.8692497035938656,0.843742293767255,0.996847602549665,1.0
sporulation,Iamiaceae,1,0.0,0.9275599428968193,0.9173449862445231,0.28000295591007823,0.0
sporulation,Ignavibacteriaceae,1,0.0,0.9347863677869797,0.8742976698183038,0.10012232075273812,0.0
sporulation,Ilumatobacteraceae,1,0.0,0.9277194246850895,0.9285482370822449,0.14128149521989913,0.0
sporulation,Jatrophihabitantaceae,1,0.0,0.9484415435194313,0.9480184169980244,0.33503113788908745,0.0
sporulation,Jiangellaceae,4,0.5,0.9378083060246601,0.934270492769572,0.5609990628145315,0.44999999999999996
sporulation,Kineosporiaceae,11,0.18181818181818182,0.922719573283389,0.9320765298057448,0.5517375672971266,0.1272727272727273
sporulation,Lachnospiraceae,36,0.5555555555555556,0.883154348905411,0.9062150217338536,0.4596255535039266,0.4055555555555555
sporulation,Legionellaceae,2,0.0,0.8021024066203244,0.7504906891659999,0.17184019196604192,0.0
sporulation,Listeriaceae,4,0.0,0.795775801371366,0.827975387142602,0.36058690738151566,0.6
sporulation,Maricaulaceae,2,0.0,0.8570304585668582,0.8315715708691922,0.0024301293631483565,0.0
sporulation,Marinicellaceae,1,0.0,0.8559076611865093,0.8458745847890672,0.005797377392408057,0.0
sporulation,Marinifilaceae,3,0.0,0.9184348837238647,0.9107382804202976,0.15332529278882434,0.0
sporulation,Marinilabiliaceae,3,0.0,0.7992971973751132,0.7892645960695349,0.11766183134274195,0.03333333333333333
sporulation,Methylocystaceae,6,0.0,0.8785073275496829,0.8431414383576102,0.004019967927229388,0.0
sporulation,Nakamurellaceae,9,0.0,0.9101996098723184,0.9209810433206983,0.4562889416772254,0.6222222222222222
sporulation,Natranaerobiaceae,1,0.0,0.7364271327643243,0.823218100211959,0.6630243065211038,0.7
sporulation,Nautiliaceae,3,0.0,0.8581684794958061,0.8491512019561135,0.11772945283193954,0.10000000000000002
sporulation,Neomegalonemataceae,1,0.0,0.8376374714541613,0.8894262310933012,0.009659068865487291,0.1
sporulation,Neomoorellaceae,1,1.0,0.7998892362606022,0.8462124751546029,0.23090563087435145,0.8
sporulation,Nevskiaceae,7,0.0,0.841543189093122,0.8378847447259056,0.013721749023132354,0.0
sporulation,Nitriliruptoraceae,1,0.0,0.9418589413289675,0.9229117119469019,0.549641493453165,0.2
sporulation,Oligosphaeraceae,1,0.0,0.7132127077802396,0.6390641804008386,0.03076123685710788,0.0
sporulation,Ornithinimicrobiaceae,6,0.0,0.9399174739134065,0.9367686300474162,0.5613666531107365,0.11666666666666668
sporulation,Oscillospiraceae,28,0.42857142857142855,0.8576092205989971,0.865096323846598,0.3486313447035279,0.33214285714285713
sporulation,Patulibacteraceae,3,0.0,0.9140761153291072,0.9138708800272686,0.33703467191788183,0.2333333333333333
sporulation,Pectobacteriaceae,1,0.0,0.811806451085237,0.7958457352591828,0.007956758697203395,0.0
sporulation,Peptostreptococcaceae,21,0.7619047619047619,0.9417928338797699,0.9417736095302431,0.4874299140395693,0.3
sporulation,Petrotogaceae,3,0.0,0.9221316697265077,0.9221245385568905,0.2621295142322785,0.23333333333333336
sporulation,Phreatobacteraceae,1,0.0,0.9397681716206998,0.9320022869307644,0.01817284423253302,0.0
sporulation,Porphyromonadaceae,4,0.0,0.7055884291360716,0.7089746472492502,0.16395921000414032,0.42500000000000004
sporulation,Propionibacteriaceae,24,0.0,0.8873724067040701,0.8880590160216911,0.32522925755971704,0.24583333333333335
sporulation,Pseudoalteromonadaceae,10,0.0,0.9037793770640995,0.8848829369372918,0.005594156701052986,0.0
sporulation,Pseudoxanthobacteraceae,1,0.0,0.925021746134299,0.8891982556964444,0.01544520918507322,0.0
sporulation,Raineyaceae,1,0.0,0.8663405623438971,0.787493600667204,0.0907838808794883,0.0
sporulation,Rhodobiaceae,1,0.0,0.8345112219537422,0.804888731452307,0.007657281666774503,0.0
sporulation,Rhodocyclaceae,1,0.0,0.8928320536176517,0.8502728758974438,0.01468756960838317,0.0
sporulation,Rhodospirillaceae,5,0.2,0.8753859174371346,0.8754921358335663,0.20541716088364392,0.2
sporulation,Rhodothermaceae,1,0.0,0.8915138590748144,0.8915138590748147,0.25745580740212115,0.2
sporulation,Rikenellaceae,5,0.0,0.7937006734524726,0.7961079883284755,0.23042327891922842,0.32
sporulation,Roseivirgaceae,2,0.0,0.9019921581413314,0.8887978474531628,0.06633413632672469,0.0
sporulation,Roseobacteraceae,72,0.013888888888888888,0.8532402326390796,0.8321972233180142,0.018889615666586437,0.023611111111111114
sporulation,Ruaniaceae,2,0.0,0.9041534491320938,0.9248870510678817,0.6669590686868424,0.6
sporulation,Rubrobacteraceae,1,0.0,0.7904517344038937,0.8328723989042697,0.5913182823789072,0.1
sporulation,Sedimentibacteraceae,1,0.0,0.9535524251158636,0.9506674835249275,0.6093976545815297,0.9
sporulation,Sneathiellaceae,1,0.0,0.6694642879200102,0.7237174498779532,0.0347821948591587,0.2
sporulation,Sphaerobacteraceae,1,0.0,0.8255756747716916,0.7180801569946633,0.23434903737760837,0.1
sporulation,Sphaerotilaceae,11,0.0,0.8851258563042145,0.8918360286945028,0.015176206790953177,0.0
sporulation,Sphingosinicellaceae,4,0.0,0.9053441205331936,0.8826551437354762,0.0022500375904563074,0.0
sporulation,Spirosomataceae,21,0.0,0.7499464891573071,0.7520587294865843,0.08282872259738842,0.06190476190476191
sporulation,Sporanaerobacteraceae,1,1.0,0.9520357038128429,0.945318361735087,0.24447149573481897,0.30000000000000004
sporulation,Sporolactobacillaceae,8,1.0,0.7766792996755872,0.8162150466448257,0.2320296270352413,0.1125
sporulation,Sporomusaceae,5,0.8,0.7417622965872477,0.7326439130558484,0.34681749686745234,0.4600000000000001
sporulation,Streptosporangiaceae,62,0.9838709677419355,0.9267716724717151,0.929466669087277,0.14498460984521194,0.09516129032258061
sporulation,Succinivibrionaceae,1,0.0,0.7804318958644783,0.7839866161615097,0.02347527408831488,0.2
sporulation,Synergistaceae,7,0.0,0.8395499489837279,0.809038051082962,0.3016799290266284,0.19999999999999998
sporulation,Tannerellaceae,4,0.0,0.8741685786810744,0.8509372757068169,0.33411229028284606,0.025
sporulation,Temperatibacteraceae,1,0.0,0.8147856443442129,0.8049833951191812,0.023411061103160692,0.0
sporulation,Tenuifilaceae,1,0.0,0.8852680905778012,0.8397601513162121,0.20088335665021095,0.0
sporulation,Thalassobaculaceae,2,0.0,0.8442336912884761,0.8552821042063629,0.002123362378375728,0.0
sporulation,Thermaerobacteraceae,1,0.0,0.8180000496950047,0.8434194780017713,0.8602515791922793,0.1
sporulation,Thermoactinomycetaceae,16,1.0,0.7497803842213933,0.7789823147647343,0.07147422101115529,0.13124999999999998
sporulation,Thermoanaerobacteraceae,10,0.9,0.8980173570850777,0.9057060669224937,0.42194693913927717,0.68
sporulation,Thermodesulfobiaceae,1,0.0,0.9324168355401801,0.915375119544245,0.14062805113906007,0.0
sporulation,Thermodesulfovibrionaceae,2,0.0,0.9357173373538881,0.933936776441177,0.4866643258196976,0.05
sporulation,Thermosediminibacteraceae,3,0.0,0.8917428967386684,0.8983762083604656,0.6566578833558413,0.06666666666666667
sporulation,Thioalkalibacteraceae,1,0.0,0.8732111473091073,0.8485114454971285,0.01342885027077704,0.0
sporulation,Tissierellaceae,1,1.0,0.9381461745489663,0.9279706168138191,0.164675687019197,0.19999999999999996
sporulation,Tsukamurellaceae,3,0.0,0.932583809399504,0.9219245634230141,0.4098986441770435,0.5333333333333333
sporulation,Veillonellaceae,13,0.0,0.8012614778024628,0.7977328053056619,0.36982240165131053,0.3615384615384615
sporulation,Verrucomicrobiaceae,8,0.0,0.7490969650836282,0.6714891924145279,0.010730478014573497,0.1375
sporulation,Weeksellaceae,48,0.0,0.9082320909179362,0.9113239769386458,0.09064188588270052,0.0
catalase,Acanthopleuribacteraceae,1,1.0,0.6853583602039925,0.632421191265805,0.39513967248800874,0.09999999999999998
catalase,Acidiferrobacteraceae,1,0.0,0.7311439817585366,0.6968177710295556,0.622880949075402,0.8
catalase,Actinopolymorphaceae,5,1.0,0.9340188525622363,0.9277733370647148,0.1880452032868446,0.039999999999999994
catalase,Alcanivoracaceae,9,0.7777777777777778,0.8059302948674931,0.8190645019493519,0.18216007027948958,0.23333333333333334
catalase,Alicyclobacillaceae,13,0.8461538461538461,0.6141274997143511,0.6555243691353559,0.5508257356882813,0.2538461538461539
catalase,Antricoccaceae,2,0.0,0.9073089329553882,0.9000022707982724,0.8144053283685995,1.0
catalase,Aurantimonadaceae,15,1.0,0.8821990605438601,0.8649713157803917,0.17191754776999246,0.01333333333333333
catalase,Bacteroidaceae,18,0.3333333333333333,0.8783497606270498,0.8664397832351106,0.3956161898887344,0.4444444444444444
catalase,Balneolaceae,13,1.0,0.8025339814648699,0.8299669347180573,0.11379162522006797,0.007692307692307691
catalase,Beggiatoaceae,1,0.0,0.7643273690904627,0.8117885919102068,0.38408913250486376,0.8
catalase,Beijerinckiaceae,1,1.0,0.8869219118337917,0.8659954980670204,0.49276183090996895,0.4
catalase,Beutenbergiaceae,4,1.0,0.9488876200871545,0.939989833851236,0.17286957010545986,0.15
catalase,Bifidobacteriaceae,39,0.0,0.6329202556509118,0.696047526721867,0.14935960249724212,0.6666666666666666
catalase,Brachyspiraceae,3,0.6666666666666666,0.9348642635755661,0.9229950267006446,0.5473482891216265,0.6
catalase,Bryobacteraceae,1,1.0,0.6621321957694367,0.690697499261906,0.4495795952660131,0.19999999999999996
catalase,Carnobacteriaceae,29,0.1724137931034483,0.8668053986911157,0.8796725883012779,0.3769076456020481,0.5034482758620689
catalase,Caulobacteraceae,32,0.90625,0.8727461538408686,0.8660900795768869,0.3584629145712143,0.134375
catalase,Chthoniobacteraceae,1,0.0,0.7461626020519595,0.7620043457866779,0.24740748454927974,0.9
catalase,Chthonomonadaceae,1,1.0,0.8170412761713413,0.7967456241448815,0.8192901737953757,0.09999999999999998
catalase,Competibacteraceae,1,1.0,0.8968471966962188,0.8968471966962188,0.21569926949155283,0.0
catalase,Coxiellaceae,2,0.0,0.7069238670876127,0.7164757053874284,0.534641111277126,0.8
catalase,Cryptosporangiaceae,1,1.0,0.9074366311987405,0.9113034120331273,0.22581115538945407,0.0
catalase,Cyclobacteriaceae,50,0.94,0.8614329028915041,0.8656305381634875,0.3357799031766131,0.122
catalase,Cytobacillaceae,23,1.0,0.85642752040602,0.8796884442471883,0.408299888706782,0.04782608695652173
catalase,Desulfurobacteriaceae,1,1.0,0.8932904431208771,0.765460742662476,0.6108383185718197,0.19999999999999996
catalase,Dethiosulfovibrionaceae,1,0.0,0.7988793790405575,0.7672808530895494,0.10137032250022093,0.9
catalase,Devosiaceae,19,0.8947368421052632,0.8220937725060519,0.8206442032046082,0.20874106119134891,0.13684210526315788
catalase,Dictyobacteraceae,4,1.0,0.8105399742659278,0.810539974265928,0.7065384808361332,0.07499999999999998
catalase,Emcibacteraceae,1,1.0,0.655871584373622,0.6335407304142435,0.413121611092401,0.19999999999999996
catalase,Erythrobacteraceae,79,0.8987341772151899,0.8544680622550489,0.8411366352039875,0.24624145108068432,0.130379746835443
catalase,"Gammaproteobacteria, not assigned to family",2,0.5,0.859756350958994,0.8832616508342219,0.5200672096092738,0.5
catalase,Geodermatophilaceae,13,0.8461538461538461,0.9543551790702378,0.9511616031590214,0.25701721054520615,0.2076923076923077
catalase,Glycomycetaceae,11,1.0,0.8798063699295213,0.8881384083081554,0.12791659193630128,0.018181818181818177
catalase,Gottschalkiaceae,2,0.0,0.8812513178895747,0.8776011199594624,0.30540153760989763,0.3
catalase,Haloferacaceae,45,0.9555555555555556,0.9904525401009143,0.9903447694190173,0.10714478224263857,0.044444444444444446
catalase,Hymenobacteraceae,54,0.9444444444444444,0.6576313957355674,0.6870798076401884,0.3568026448187709,0.22407407407407406
catalase,Hyphomicrobiaceae,1,1.0,0.8397770655059862,0.8376531673893904,0.3209840879558479,0.09999999999999998
catalase,Iamiaceae,2,1.0,0.8609083921953442,0.8910484905680892,0.2523979726759452,0.0
catalase,Ilumatobacteraceae,1,0.0,0.9277194246850895,0.927110465249377,0.908742578159371,1.0
catalase,Jatrophihabitantaceae,2,1.0,0.9156181843469113,0.9263097799494995,0.3733175155779776,0.09999999999999998
catalase,Jiangellaceae,5,1.0,0.9356612722226899,0.9357590579310985,0.13949390123833397,0.11999999999999997
catalase,Kineosporiaceae,13,1.0,0.9063714893811307,0.9482631052463452,0.2484686322163257,0.03846153846153845
catalase,Kytococcaceae,3,1.0,0.9310410964762991,0.9333459767411508,0.1358239493245731,0.033333333333333326
catalase,Lachnospiraceae,25,0.04,0.886806199396529,0.906942489400392,0.11338642984231788,0.23199999999999998
catalase,Legionellaceae,62,0.9354838709677419,0.8250896998361519,0.8252848500698273,0.5014843518331443,0.2193548387096774
catalase,Listeriaceae,35,1.0,0.845420054934611,0.8630515975381013,0.79846572784361,0.6085714285714285
catalase,Maricaulaceae,10,0.8,0.8494349086328553,0.8297311751180164,0.2761781864034031,0.23000000000000004
catalase,Marinicellaceae,2,1.0,0.8736490849004777,0.8497701151551778,0.18320588494293305,0.14999999999999997
catalase,Marinifilaceae,5,0.2,0.9135241188136751,0.9130800670456625,0.5843592400539508,0.78
catalase,Marinilabiliaceae,10,0.6,0.8433888736194953,0.8538842113990054,0.39349283336263174,0.38999999999999996
catalase,Marivirgaceae,1,0.0,0.9270448800488976,0.9073344588213798,0.8447548621658975,0.9
catalase,Methylocystaceae,6,1.0,0.8862115295758949,0.8780567816498395,0.40204961700441383,0.11666666666666665
catalase,Nakamurellaceae,9,1.0,0.9101996098723184,0.9215886546311869,0.31529390793905976,0.08888888888888886
catalase,Natronospirillaceae,1,1.0,0.8020621619333266,0.8233901921131299,0.05149053793726721,0.0
catalase,Nautiliaceae,1,1.0,0.919210164336959,0.8863290653691707,0.5883279076838477,0.6
catalase,Neomegalonemataceae,1,1.0,0.8376374714541613,0.8880196908114122,0.3319233736167655,0.09999999999999998
catalase,Nevskiaceae,9,0.7777777777777778,0.836290751378094,0.8498109763621426,0.3277818096989061,0.2777777777777778
catalase,Nitriliruptoraceae,1,1.0,0.9418589413289675,0.9369974529478904,0.10235869932140884,0.09999999999999998
catalase,Not assigned to family,3,1.0,0.878771502802662,0.8719523570843059,0.2946585971879863,0.09999999999999998
catalase,Opitutaceae,2,0.0,0.6828390021018627,0.6678675535423504,0.37026042316050756,0.95
catalase,Ornithinimicrobiaceae,9,1.0,0.9477791803934136,0.9466438377500415,0.14306355969088314,0.04444444444444443
catalase,Oscillospiraceae,14,0.07142857142857142,0.8538423350584837,0.8626244944725371,0.17146311733740618,0.2285714285714286
catalase,Patulibacteraceae,3,1.0,0.9140761153291072,0.9183710414634844,0.15559292554926432,0.06666666666666665
catalase,Pectobacteriaceae,15,1.0,0.8231857984142635,0.8242351065820684,0.288485707301538,0.0733333333333333
catalase,Peptostreptococcaceae,24,0.25,0.9421044988556431,0.9420964413638537,0.36624140318209725,0.3375000000000001
catalase,Phreatobacteraceae,2,1.0,0.9231549245730751,0.9078550513716679,0.23652432192518996,0.04999999999999999
catalase,Porphyromonadaceae,8,0.25,0.6991337920256193,0.7135438193210357,0.3291170567612005,0.4875
catalase,Propionibacteriaceae,45,0.8222222222222222,0.8885954775734883,0.8903820725839339,0.34977400969348604,0.1911111111111111
catalase,Pseudoalteromonadaceae,32,0.96875,0.8995017973924629,0.8891098198522347,0.19608732258302847,0.0875
catalase,Pseudoxanthobacteraceae,1,1.0,0.925021746134299,0.8946893327878769,0.1937688481909674,0.0
catalase,Psittacicellaceae,3,1.0,0.7284240110919084,0.7872050289953093,0.8676113211913821,0.16666666666666663
catalase,Raineyaceae,1,1.0,0.8663405623438971,0.8603910477055182,0.7623952510187302,0.19999999999999996
catalase,Rarobacteraceae,1,1.0,0.8099732430797756,0.8499242017486142,0.6996670014288378,0.0
catalase,Reyranellaceae,1,1.0,0.8794999024136516,0.8671677194418469,0.10457176128838619,0.4
catalase,Rhodobiaceae,1,1.0,0.8345112219537422,0.8402744608707579,0.19570623920210706,0.0
catalase,Rhodocyclaceae,3,0.6666666666666666,0.8670857448177433,0.8509265022125252,0.3403632933802742,0.26666666666666666
catalase,Rhodospirillaceae,14,0.6428571428571429,0.8355244978731395,0.8374473533322154,0.3821524273583301,0.37142857142857144
catalase,Rhodothermaceae,2,1.0,0.8178194351387993,0.7918551118890712,0.2290445100962002,0.04999999999999999
catalase,Rikenellaceae,4,0.25,0.7785022458615225,0.7953824343004323,0.45831203544478527,0.5249999999999999
catalase,Roseivirgaceae,2,1.0,0.8881106752570969,0.8949881449918842,0.19103372710131178,0.0
catalase,Roseobacteraceae,238,0.9957983193277311,0.8442711984888877,0.8422860430904264,0.1523839862733713,0.01890756302521008
catalase,Ruaniaceae,2,1.0,0.9156472063020741,0.9266985482433647,0.12924681565346335,0.14999999999999997
catalase,Rubrobacteraceae,3,1.0,0.7064134810606036,0.695216094920266,0.19772578501719396,0.033333333333333326
catalase,Salinarimonadaceae,1,1.0,0.8764519764310403,0.9010880571075108,0.16445085867928655,0.0
catalase,Salinibacteraceae,1,1.0,0.8676880549051967,0.869987043503344,0.033068691237608694,0.0
catalase,Salisaetaceae,2,1.0,0.6548884332066498,0.6706401174882408,0.06359410173395308,0.04999999999999999
catalase,Sneathiellaceae,2,1.0,0.7810092241688733,0.8012913032484833,0.1711448921142733,0.09999999999999998
catalase,Sphaerobacteraceae,1,1.0,0.8255756747716916,0.7180801569946633,0.170581180406021,0.09999999999999998
catalase,Sphaerotilaceae,27,0.6296296296296297,0.878824426701513,0.8926546246112156,0.41796798731596163,0.3592592592592592
catalase,Sphingosinicellaceae,8,0.875,0.8871172862985077,0.8764268112914784,0.3444466293199304,0.1875
catalase,Spirosomataceae,53,0.9433962264150944,0.7694928929265432,0.787270150292352,0.40511322750916823,0.1830188679245283
catalase,Sporanaerobacteraceae,1,0.0,0.9520357038128429,0.9540227052928933,0.24783780836895364,0.2
catalase,Sporichthyaceae,1,1.0,0.9538195362354633,0.9536692007181683,0.20036030973799723,0.19999999999999996
catalase,Sporolactobacillaceae,8,0.5,0.7607528784255851,0.8071325196335851,0.406223033832626,0.3625
catalase,Sporomusaceae,1,0.0,0.7643789115987302,0.7154899708579683,0.27905258085892737,0.6
catalase,Streptosporangiaceae,39,0.7948717948717948,0.9272869293399391,0.9275248566751296,0.30009569245622597,0.2205128205128205
catalase,Synergistaceae,3,0.0,0.8567478290725207,0.692566904526733,0.3099757323675145,0.39999999999999997
catalase,Tannerellaceae,4,0.75,0.8875101738252809,0.8573008020551522,0.5652804710294408,0.475
catalase,Temperatibacteraceae,7,1.0,0.7755814646735464,0.7633119785991003,0.15815003390047253,0.12857142857142856
catalase,Terasakiellaceae,1,0.0,0.5697292081819627,0.5982120922793994,0.5771542666504133,1.0
catalase,Thalassobaculaceae,8,1.0,0.8512559764267915,0.8525319040313291,0.1359335322134667,0.04999999999999999
catalase,Thermoactinomycetaceae,5,0.8,0.7242498135371425,0.7578644367130223,0.5635170821783341,0.24
catalase,Thermoanaerobacteraceae,1,0.0,0.9403376677137318,0.9368499296010419,0.209044661382054,0.1
catalase,Thiobacillaceae,3,0.3333333333333333,0.8405959057603555,0.8481978029254963,0.653989744651168,0.6333333333333333
catalase,Trueperaceae,1,1.0,0.8678386109335985,0.8653271520559553,0.3188729142505916,0.0
catalase,Tsukamurellaceae,6,1.0,0.9269957250582826,0.9228203554238421,0.20905124435598663,0.016666666666666663
catalase,Veillonellaceae,18,0.3888888888888889,0.7873724593368601,0.7996821008781718,0.3799846266845488,0.37222222222222223
catalase,Verrucomicrobiaceae,9,1.0,0.7390817753720588,0.6637302600706967,0.5329789080402589,0.07777777777777778
catalase,Weeksellaceae,95,0.9894736842105263,0.9033683691234115,0.9140777320990896,0.45177084099345916,0.07894736842105261
